n,family,instance,faces,cond,eq_objective,eq_status,eq_feasibility_residual,eq_simplex_residual,slsqp_objective,slsqp_status,slsqp_feasibility_residual,exact_minus_slsqp,rx_objective,rx_status,rx_excess_variance,cvxpy_objective,rx_minus_cvxpy,fast_eq_minus_exact,fast_eq_feasibility_residual,fast_rx_minus_exact,ms_exact_eq,ms_exact_rx,ms_cvxpy,ms_slsqp_20_starts,ms_fast_eq,ms_fast_rx
2,random,1,3,3.199189194418234,0.00864980146499338,ok,4.4242751619285884e-16,0.0,0.008649801464993672,reference,7.74248153337503e-15,-2.931682674400804e-16,0.00864980146499338,binding_ok,4.4242751619285884e-16,0.008649797067295071,4.397698307942455e-09,-6.938893903907228e-18,2.2121375809642942e-16,-6.938893903907228e-18,0.22029102547094226,0.10066700633615255,618.3824579929933,3.8831669953651726,0.10866596130654216,0.07212499622255564
2,random,2,3,4.564088556861835,0.00929041638123256,ok,0.0,0.0,0.009290416381232564,reference,0.0,-3.469446951953614e-18,0.011809224373510467,slack,0.0,0.011809224346156494,2.7353973253152475e-11,-1.734723475976807e-18,0.0,0.0,0.11324998922646046,0.012125005014240742,2.5912499986588955,3.2552919583395123,0.07337500574067235,0.013208016753196716
2,random,3,3,22.126915997926297,0.006962075175510234,ok,2.0157456476322858e-16,0.0,0.006962075175511246,reference,5.240938683843943e-15,-1.012211148232467e-15,0.006962075175510234,binding_ok,0.0,0.006962075092387365,8.31228688311092e-11,5.117434254131581e-17,0.0,5.117434254131581e-17,0.10483397636562586,0.07641699630767107,2.2097089677117765,2.935917000286281,0.06399996345862746,0.04479201743379235
2,random,4,3,4.2710009105516615,0.005818029180947556,ok,1.2006891759145187e-16,0.0,0.005818029180947557,reference,1.2006891759145187e-16,-8.673617379884035e-19,0.009756235853566003,slack,0.0,0.009756235839450688,1.4115314819762581e-11,8.673617379884035e-19,1.2006891759145187e-16,0.0,0.09029201464727521,0.011041993275284767,2.129125001374632,50.97108299378306,0.08141703438013792,0.02258300082758069
2,random,5,3,21.479161849423598,0.002682778685593767,ok,8.030718079739369e-16,0.0,0.0026827786855937665,reference,0.0,4.336808689942018e-19,0.002682778685593767,binding_ok,8.030718079739369e-16,0.0026827776076307117,1.0779630551897845e-09,-3.469446951953614e-18,1.6061436159478737e-14,-3.469446951953614e-18,0.11141702998429537,0.08183397585526109,2.8600830119103193,4.235791973769665,0.07508299313485622,0.05024997517466545
2,random,6,3,39.961678073776156,-0.002664446716268213,ok,0.0,0.0,-0.0026644467162682097,reference,5.39728953130291e-15,-3.469446951953614e-18,-0.002664446716268213,binding_ok,0.0,-0.0026644506734593287,3.9571911155875106e-09,2.6020852139652106e-18,4.272854212281471e-15,2.6020852139652106e-18,0.10445801308378577,0.07054198067635298,2.274291997309774,2.9179169796407223,0.06770901381969452,0.044625019654631615
2,random,7,3,40.2076841932194,0.0031765538959975643,ok,0.0,0.0,0.0031765538959975647,reference,4.58592559058445e-16,-4.336808689942018e-19,0.0031765538959975643,binding_ok,0.0,0.0031765535917210753,3.042764889875371e-10,5.637851296924623e-18,3.439444192938337e-14,5.637851296924623e-18,0.09716703789308667,0.12375001097097993,2.1199589828029275,3.0709999846294522,0.07208297029137611,0.04491698928177357
2,random,8,3,21.18434051740259,0.006087780669203776,ok,0.0,0.0,0.006087780669203777,reference,3.735075870825599e-16,-8.673617379884035e-19,0.006308659163395302,slack,0.0,0.006308655781417779,3.3819775226845428e-09,-5.984795992119984e-17,8.257007725105125e-13,0.0,0.21516700508072972,0.015167053788900375,2.2816670243628323,3.384666983038187,0.06704102270305157,0.01225003506988287
2,random,9,3,234.6134827110158,0.0011041023812873908,ok,3.702456366514875e-16,0.0,0.001104102381287395,reference,1.2341521221716252e-16,-4.119968255444917e-18,0.0027286009514780334,slack,0.0,0.002728599304883296,1.646594737295115e-09,-2.3852447794681098e-18,4.936608488686501e-16,0.0,0.09474996477365494,0.01191697083413601,1.9742499571293592,2.4607079685665667,0.06049999501556158,0.010041985660791397
2,random,10,3,2.438453093261065,0.007177599742430778,ok,2.5860946271383403e-16,0.0,0.00717759974243078,reference,3.8791419407075105e-16,-1.734723475976807e-18,0.007177599742430778,binding_ok,0.0,0.007177599659627209,8.2803568689227e-11,1.734723475976807e-18,1.2930473135691702e-16,1.734723475976807e-18,0.0908339861780405,0.0684160040691495,2.0742079941555858,2.7719580102711916,0.07345800986513495,0.04520796937867999
2,random,11,3,1.677428183887548,0.007620852531878598,ok,0.0,0.0,0.007620852531878598,reference,0.0,0.0,0.007620852531878598,binding_ok,0.0,0.007620852409896123,1.21982474468596e-10,1.214306433183765e-17,7.029150407753016e-14,1.214306433183765e-17,0.10033295257017016,0.06824999582022429,2.2293750080280006,2.7016669628210366,0.0683749676682055,0.046291970647871494
2,random,12,3,9.128699947450679,0.0047524469907398795,ok,6.101086884541316e-16,0.0,0.0047524469907398795,reference,1.525271721135329e-16,0.0,0.0047524469907398795,binding_ok,0.0,0.0047524469733406785,1.739920100357617e-11,-2.688821387764051e-17,2.4999203509408046e-13,-2.688821387764051e-17,0.09587500244379044,0.10037497850134969,2.014749974478036,3.049416991416365,0.07037498289719224,0.046041037421673536
2,random,13,3,9.69351032122675,0.004904050277162123,ok,2.025925100410941e-16,0.0,0.004904050277162123,reference,0.0,0.0,0.004904050277162123,binding_ok,0.0,0.004904047246917007,3.0302451164629374e-09,0.0,4.051850200821882e-16,0.0,0.09383400902152061,0.0677499920129776,2.3457080242224038,2.78395798522979,0.05808298010379076,0.040083948988467455
2,random,14,3,6.462673519150354,0.006256880533544295,ok,0.0,0.0,0.0062568805335443045,reference,6.701716709278747e-15,-9.540979117872439e-18,0.006256880533544295,binding_ok,0.0,0.006256878695527162,1.8380171325910188e-09,0.0,3.6225495725831063e-16,0.0,0.08283299393951893,0.06641697837039828,2.910709008574486,3.31295799696818,0.06933294935151935,0.043459003791213036
2,random,15,3,5.5141083358119864,0.006274255899874579,ok,2.601840389209455e-16,0.0,0.00627425589987459,reference,8.065705206549312e-15,-1.1275702593849246e-17,0.006274255899874579,binding_ok,0.0,0.006274255079830796,8.200437828786988e-10,0.0,0.0,0.0,0.09774998761713505,0.0702079851180315,2.043957996647805,3.30325000686571,0.0642910017631948,0.0434160465374589
2,random,16,3,290.1884492147531,0.006575518305705034,ok,7.636540870404911e-16,0.0,0.006575518305705034,reference,3.8182704352024557e-16,0.0,0.006575518305705034,binding_ok,0.0,0.006575517861351332,4.4435370227108306e-10,1.3444106938820255e-16,7.594539895617684e-13,1.3444106938820255e-16,0.09024998871609569,0.06908399518579245,2.018042025156319,2.9000420472584665,0.0658340286463499,0.04516699118539691
2,random,17,3,455.4998553741165,0.004069903345252116,ok,0.0,0.0,0.0040699033452521165,reference,1.8233638952985956e-14,-8.673617379884035e-19,0.004069903345252116,binding_ok,0.0,0.004069903285355215,5.989690080726584e-11,5.091413401991929e-16,1.50881422587134e-11,5.091413401991929e-16,0.13149995356798172,0.07833295967429876,2.031375013757497,36.665999970864505,0.07800001185387373,0.04587502917274833
2,random,18,3,20.264475009221176,0.007715979732445031,ok,1.4164083025723765e-16,0.0,0.00771597973244504,reference,0.0,-8.673617379884035e-18,0.010303558009119465,slack,0.0,0.010303557759423522,2.4969594274171225e-10,-1.734723475976807e-18,1.4164083025723765e-16,0.0,0.10158302029594779,0.010749965440481901,2.1459170384332538,3.416458028368652,0.0625409884378314,0.010917021427303553
2,random,19,3,1172.8090039794733,0.008366206567515775,ok,3.8123970667823986e-16,0.0,0.008366206567515782,reference,3.431157360104159e-15,-6.938893903907228e-18,0.008366206567515775,binding_ok,0.0,0.008366205138864666,1.4286511088729137e-09,-8.083811398051921e-16,7.014810602879614e-13,-8.083811398051921e-16,0.09320798562839627,0.06733398186042905,1.9468749524094164,2.421375014819205,0.05670799873769283,0.03833300434052944
2,random,20,3,112.21772450153667,0.0018621406197845394,ok,1.6999436561336882e-16,0.0,0.001862140619784541,reference,0.0,-1.5178830414797062e-18,0.003040817643248224,slack,0.0,0.003040817037540292,6.057079321615533e-10,6.5052130349130266e-18,2.719909849813901e-15,0.0,0.08383399108424783,0.010124989785254002,2.1790830069221556,3.0303330277092755,0.07087498670443892,0.011292053386569023
2,near_singular,1,3,207.94710795919582,0.005264317694414572,ok,1.711632403157513e-16,0.0,0.005264317694414587,reference,1.5404691628417617e-15,-1.474514954580286e-17,0.005264317694414572,binding_ok,1.711632403157513e-16,0.005264317089819932,6.045946399774182e-10,1.0408340855860843e-17,1.0269794418945077e-15,1.0408340855860843e-17,0.09637494804337621,0.06912503158673644,2.104791987221688,2.5029589887708426,0.07112498860806227,0.04545797128230333
2,near_singular,2,3,7.0063526840065125,0.008362720449969713,ok,0.0,0.0,0.008362720449969717,reference,2.491159685111388e-15,-3.469446951953614e-18,0.008362720449969713,binding_ok,0.0,0.008362720374420493,7.554921965802208e-11,1.734723475976807e-18,2.0759664042594903e-15,1.734723475976807e-18,0.09874999523162842,0.06975000724196434,1.9959999481216073,2.6455000042915344,0.06545800715684891,0.04187499871477485
2,near_singular,3,3,1.6414574183034196,0.007999009650252478,ok,0.0,0.0,0.007999009650252686,reference,3.9574810000498035e-15,-2.0816681711721685e-16,0.007999009650252478,binding_ok,0.0,0.007999008266709703,1.3835427751379692e-09,-6.938893903907228e-18,1.7206439130651318e-16,-6.938893903907228e-18,0.09695801418274641,0.06854196544736624,2.0662500173784792,3.679084009490907,0.07958401693031192,0.047124980483204126
2,near_singular,4,3,423.77280605252173,0.0029391218018099533,ok,0.0,0.0,0.002939121801809964,reference,1.653414124817996e-14,-1.0842021724855044e-17,0.0029391218018099533,binding_ok,0.0,0.002939121786396642,1.541331125232137e-11,1.1275702593849246e-17,1.8090295718596896e-14,1.1275702593849246e-17,0.11479196837171912,0.07587502477690578,2.362416998948902,8.91266600228846,0.10104099055752158,0.05079101538285613
2,near_singular,5,3,11.496962039142947,0.007841485411683124,ok,0.0,0.0,0.007841485411683126,reference,1.1336609298185724e-16,-1.734723475976807e-18,0.009880433118226437,slack,0.0,0.009880433112131218,6.095218080259812e-12,-5.204170427930421e-18,6.57523339294772e-15,0.0,0.11545798042789102,0.01129100564867258,2.7390829636715353,48.270750034134835,0.08716701995581388,0.015209021512418985
2,near_singular,6,3,99.76648018930557,0.006672952321260731,ok,1.1215959028827273e-16,0.0,0.006672952321260731,reference,1.1215959028827273e-16,0.0,0.006672952321260731,binding_ok,1.1215959028827273e-16,0.006672952303805848,1.7454883025069812e-11,-2.7755575615628914e-17,9.926123740512137e-14,-2.7755575615628914e-17,0.14866696437820792,0.09874999523162842,2.27462500333786,2.9901250381954014,0.09995902655646205,0.052916002459824085
2,near_singular,7,3,1.2662131757895678,0.008533160877886282,ok,0.0,0.0,0.008533160877886295,reference,7.057523421428494e-16,-1.214306433183765e-17,0.008533160877886282,binding_ok,0.0,0.008533160843844685,3.404159766573489e-11,-3.469446951953614e-18,1.7643808553571235e-16,-3.469446951953614e-18,0.13262499123811722,0.09549997048452497,2.2823329782113433,3.4494579886086285,0.08054199861362576,0.04691601498052478
2,near_singular,8,3,14.461904428155906,0.009756631586816278,ok,0.0,0.0,0.009756631586816278,reference,0.0,0.0,0.009756631586816278,binding_ok,0.0,0.009756631539332875,4.7483402626502524e-11,1.457167719820518e-16,2.5043799675401765e-12,1.457167719820518e-16,0.10325002949684858,0.10079197818413377,2.2464999929070473,4.129583016037941,0.07320800796151161,0.04491698928177357
2,near_singular,9,3,3.311770036850848,0.008002772678520481,ok,0.0,0.0,0.00800277267852051,reference,1.3235891824092473e-16,-2.949029909160572e-17,0.008002772678520481,binding_ok,0.0,0.008002770033161464,2.645359016908988e-09,-1.734723475976807e-18,2.6471783648184946e-16,-1.734723475976807e-18,0.15199999324977398,0.10658398969098926,2.4524169857613742,3.8682500016875565,0.08987501496449113,0.045459019020199776
2,near_singular,10,3,239.59059253971813,0.005174631680245324,ok,5.85296929146224e-16,0.0,0.005174631680245324,reference,1.46324232286556e-16,0.0,0.005174631680245324,binding_ok,0.0,0.005174631651532999,2.8712325052249188e-11,-3.382710778154774e-17,6.97966588006872e-14,-3.382710778154774e-17,0.09804096771404147,0.06975000724196434,2.0450419979169965,2.7379579842090607,0.06316602230072021,0.04191696643829346
2,near_singular,11,3,137.54453769014307,0.007208447644573237,ok,1.6271870752315984e-16,0.0,0.007208447644573238,reference,0.0,-1.734723475976807e-18,0.009141375370084527,slack,0.0,0.009141374838458205,5.316263228249962e-10,8.673617379884035e-18,1.4644683677084386e-15,0.0,0.09024998871609569,0.010166957508772612,2.01054202625528,2.499916998203844,0.08391699520871043,0.014499993994832039
2,near_singular,12,3,3.6757052635243688,0.004243774425640893,ok,3.67549505018043e-16,0.0,0.0042437744256408946,reference,0.0,-1.734723475976807e-18,0.007096478212601042,slack,0.0,0.0070964781937898945,1.8811147084463187e-11,-8.673617379884035e-19,1.837747525090215e-16,0.0,0.10775000555440784,0.01087499549612403,2.3528330493718386,47.54370800219476,0.08916703518480062,0.014792021829634905
2,near_singular,13,3,1.7973254612466314,0.008545447341925059,ok,0.0,0.0,0.008545447341925071,reference,2.882350787707119e-16,-1.214306433183765e-17,0.008545447341925059,binding_ok,0.0,0.008545447210004666,1.3192039301224145e-10,6.938893903907228e-18,1.4411753938535596e-16,6.938893903907228e-18,0.10254199150949717,0.07112498860806227,2.34175001969561,3.333624976221472,0.07662497228011489,0.047833018470555544
2,near_singular,14,3,6.096202305137506,0.0075980676503948795,ok,1.8495704409224934e-16,0.0,0.007598067650394896,reference,1.4796563527379947e-15,-1.6479873021779667e-17,0.0075980676503948795,binding_ok,0.0,0.007598066351562719,1.2988321607468323e-09,8.673617379884035e-19,0.0,8.673617379884035e-19,0.1965839765034616,0.0790830235928297,2.1680829813703895,4.991333000361919,0.08287501987069845,0.04920799983665347
2,near_singular,15,3,6.553787252015804,0.004437366397424888,ok,1.6044111545034286e-16,0.0,0.004437366397424888,reference,0.0,0.0,0.005063930236213394,slack,0.0,0.00506392896184898,1.2743644134741161e-09,8.673617379884035e-19,9.626466927020572e-16,0.0,0.11200003791600466,0.011583964806050062,2.8940000338479877,2.8332920046523213,0.07966702105477452,0.013499986380338669
2,near_singular,16,3,195958.04659026975,0.004628901052600243,ok,0.0,0.0,0.0046289010526003775,reference,6.979696843955899e-15,-1.3444106938820255e-16,0.004628901052600243,binding_ok,0.0,0.004628896420969726,4.631630517483443e-09,-6.316128176031555e-15,3.311478391521299e-13,-6.316128176031555e-15,0.10258296970278025,0.067666987888515,2.2872500121593475,2.68529198365286,0.08304102811962366,0.04641700070351362
2,near_singular,17,3,116.94862450162823,0.002561847581524294,ok,1.5179355477970519e-15,0.0,0.002561847581524294,reference,2.1684793539957885e-16,0.0,0.002561847581524294,binding_ok,1.5179355477970519e-15,0.002561846319060191,1.2624641028760597e-09,-6.071532165918825e-18,2.7756535731146092e-14,-6.071532165918825e-18,0.11899997480213642,0.07395801367238164,2.4714170140214264,2.872625016607344,0.06820796988904476,0.04437501775100827
2,near_singular,18,3,11013.378010231374,0.009508740895908356,ok,0.0,0.0,0.009508740895908526,reference,6.526793492204097e-12,-1.700029006457271e-16,0.009508740895908356,binding_ok,0.0,0.009508740738906509,1.5700184728684174e-10,-2.2429974544380116e-15,8.653926677945317e-11,-2.2429974544380116e-15,0.09558402234688401,0.06987497908994555,2.1983750048093498,147.4999999627471,0.08291704580187798,0.04595902282744646
2,near_singular,19,3,5827.774736728116,0.003777826478751638,ok,0.0,0.0,0.0037778264788359385,reference,1.8460733404610682e-09,-8.430062203856892e-14,0.003777826478751638,binding_ok,0.0,0.003777826446455053,3.2296585111141196e-11,-1.8648277366750676e-17,4.2629351650172255e-13,-1.8648277366750676e-17,0.10633299825713038,0.09316595969721675,2.4827499873936176,214.13249999750406,0.12870802311226726,0.12495799455791712
2,near_singular,20,3,18.376183349496742,0.010125803255006675,ok,0.0,0.0,0.010125803255006952,reference,3.97330251373055e-15,-2.7755575615628914e-16,0.010125803255006675,binding_ok,0.0,0.010125801434622448,1.8203842270386739e-09,6.938893903907228e-18,0.0,6.938893903907228e-18,0.12174999574199319,0.07199996616691351,2.5775000103749335,2.6955000357702374,0.09062496246770024,0.0475830165669322
2,duplicate,1,3,8.304503405824817e+297,0.004754797189365835,ok,0.0,0.0,0.004752073616408204,reference,0.0,2.7235729576314746e-06,0.004754797189365835,slack,0.0,0.004754797123529433,6.583640230206633e-11,0.0,0.0,0.0,0.12570800026878715,0.011708005331456661,2.2568749845959246,2.445999998599291,0.1135829952545464,0.008707982487976551
2,duplicate,2,3,1.749736503267418e+297,0.0025435049163434033,ok,0.0,0.0,0.002527334471162517,reference,0.0,1.6170445180886325e-05,0.0025435049163434033,slack,0.0,0.0025435048493011366,6.704226670345426e-11,0.0,0.0,0.0,0.06708299042657018,0.009709037840366364,2.015499980188906,1.912292034830898,0.11029100278392434,0.007957976777106524
2,duplicate,3,3,5.491515505196029e+297,0.0038988106006472858,ok,0.0,0.0,0.003894379469437414,reference,0.0,4.43113120987158e-06,0.0038988106006472858,slack,0.0,0.003898810534498033,6.614925274206485e-11,0.0,0.0,0.0,0.0648329732939601,0.009207986295223236,2.020374988205731,1.5797499800100923,0.0992499990388751,0.0075830030255019665
2,duplicate,4,3,5.231062028084044e+297,0.004982876067710305,ok,0.0,0.0,0.0049787005159657935,reference,0.0,4.175551744511549e-06,0.004982876067710305,slack,0.0,0.004982876001516183,6.619412223213272e-11,0.0,0.0,0.0,0.06379204569384456,0.009374984074383974,1.7346250242553651,2.223999996203929,0.10195898357778788,0.007958034984767437
2,duplicate,5,3,1.9039750720416434e+297,0.0029460834937884415,ok,0.0,0.0,0.0029460011057570626,reference,0.0,8.238803137893685e-08,0.0029460834937884415,slack,0.0,0.00294608342684603,6.694241168336834e-11,0.0,0.0,0.0,0.06379099795594811,0.009458977729082108,2.6501670363359153,2.9638749547302723,0.13854203280061483,0.01025001984089613
2,duplicate,6,3,6.450887991790763e+297,0.005752366942044561,ok,0.0,0.0,0.005751600590327394,reference,0.0,7.663517171676779e-07,0.005752366942044561,slack,0.0,0.00575236687603553,6.600903157405469e-11,0.0,0.0,0.0,0.07099995855242014,0.010000017937272787,2.1190830157138407,2.8491250122897327,0.11370796710252762,0.00925001222640276
2,duplicate,7,3,9.217473512852127e+297,0.009246757212162672,ok,0.0,0.0,0.009242716944585623,reference,0.0,4.040267577049353e-06,0.009246757212162672,slack,0.0,0.009246757146395206,6.576746612585449e-11,0.0,0.0,0.0,0.0683749676682055,0.010124989785254002,1.9692920031957328,3.0888330074958503,0.19733404042199254,0.010542047675698996
2,duplicate,8,3,3.687271672720123e+297,0.011913048398292903,ok,0.0,0.0,0.011908467266538903,reference,0.0,4.581131754000101e-06,0.011913048398292903,slack,0.0,0.011913048331833483,6.645941956484602e-11,0.0,0.0,0.0,0.07320800796151161,0.01029198756441474,2.235082967672497,4.816667002160102,0.22237497614696622,0.011166033800691366
2,duplicate,9,3,7.403433276618684e+297,0.0021298969972044827,ok,0.0,0.0,0.002125358892189119,reference,0.0,4.538105015363704e-06,0.0021298969972044827,slack,0.0,0.002129896931271006,6.593347656042026e-11,0.0,0.0,0.0,0.17383298836648464,0.015249999705702066,3.4200410009361804,4.74754098104313,0.29629096388816833,0.025957997422665358
2,duplicate,10,3,3.222785092477373e+297,0.0008961710384296256,ok,0.0,0.0,0.0008946618552330466,reference,0.0,1.5091831965789075e-06,0.0008961710384296256,slack,0.0,0.0008961709718625686,6.656705698812604e-11,0.0,0.0,0.0,0.30866602901369333,0.03445800393819809,3.9285420207306743,5.312542023602873,0.1397079904563725,0.01029099803417921
2,duplicate,11,3,4.9539675837179256e+297,0.00603689795507999,ok,0.0,0.0,0.00603297766276936,reference,0.0,3.920292310629833e-06,0.00603689795507999,slack,0.0,0.006036897888843104,6.623688576790077e-11,0.0,0.0,0.0,0.0701249809935689,0.010374991688877344,2.519582980312407,2.8408340294845402,0.3357090172357857,0.030374969355762005
2,duplicate,12,3,8.86609258454288e+297,0.007092328512775937,ok,0.0,0.0,0.007078750148382481,reference,0.0,1.3578364393456582e-05,0.007092328512775937,slack,0.0,0.00709232844699218,6.578375691401739e-11,0.0,0.0,0.0,0.11512497439980507,0.012542004697024822,2.736042020842433,2.5397500139661133,0.11837499914690852,0.008459028322249651
2,duplicate,13,3,3.9889642351100513e+297,0.008239906613051821,ok,0.0,0.0,0.008239503893658259,reference,0.0,4.0271939356212316e-07,0.008239906613051821,slack,0.0,0.008239906546654244,6.639757667292745e-11,0.0,0.0,0.0,0.06824999582022429,0.009957992006093264,2.076208998914808,2.2437499719671905,0.11879100929945707,0.010749965440481901
2,duplicate,14,3,8.954192942236474e+296,0.0008445306076022031,ok,0.0,0.0,0.0008410401941914242,reference,0.0,3.490413410778899e-06,0.0008445306076022031,slack,0.0,0.0008445305400863073,6.751589576043521e-11,0.0,0.0,0.0,0.06787502206861973,0.010415969882160425,2.3177090333774686,2.9194169910624623,0.1332079991698265,0.009167008101940155
2,duplicate,15,3,8.380321882681763e+297,0.006048155738760244,ok,0.0,0.0,0.006037789353011948,reference,0.0,1.036638574829652e-05,0.006048155738760244,slack,0.0,0.006048155672919907,6.584033752227159e-11,0.0,0.0,0.0,0.09995896834880114,0.011625001206994057,2.253167040180415,2.682084043044597,0.12512505054473877,0.009375042282044888
2,duplicate,16,3,3.1074408609638334e+297,0.01067676011745433,ok,0.0,0.0,0.01067465013936552,reference,0.0,2.109978088809736e-06,0.01067676011745433,slack,0.0,0.010676760050860906,6.659342348391828e-11,0.0,0.0,0.0,0.06666698027402163,0.009790994226932526,1.9703750149346888,2.9112499905750155,0.13637501979246736,0.009666022378951311
2,duplicate,17,3,2.694961899449472e+297,0.0027053090378175316,ok,0.0,0.0,0.0027030563365908274,reference,0.0,2.2527012267042033e-06,0.0027053090378175316,slack,0.0,0.0027053089711204727,6.669705890013922e-11,0.0,0.0,0.0,0.07212499622255564,0.010125047992914915,2.2383330506272614,2.38566700136289,0.11629197979345918,0.00925001222640276
2,duplicate,18,3,3.9817154059102624e+297,0.0070245245236538,ok,0.0,0.0,0.007024005543293426,reference,0.0,5.189803603741772e-07,0.0070245245236538,slack,0.0,0.0070245244572391214,6.641467844431537e-11,0.0,0.0,0.0,0.07079198257997632,0.009624985978007317,2.0156250102445483,2.154249988961965,0.12295797932893038,0.009165960364043713
2,duplicate,19,3,7.055678824777335e+297,0.01738911351482582,ok,0.0,0.0,0.017385207673579626,reference,0.0,3.905841246192726e-06,0.01738911351482582,slack,0.0,0.01738911344884382,6.598199764340507e-11,0.0,0.0,0.0,0.07175002247095108,0.010083953384310007,2.2934169974178076,2.569165953900665,0.1360420137643814,0.01008401159197092
2,duplicate,20,3,6.265634588296434e+297,0.0056533322423091645,ok,0.0,0.0,0.005638799095744582,reference,0.0,1.4533146564582253e-05,0.0056533322423091645,slack,0.0,0.005653332176231919,6.607724523793879e-11,0.0,0.0,0.0,0.06966700311750174,0.009750016033649445,2.345375018194318,2.9409999842755497,0.14341698260977864,0.011541997082531452
2,zero_variance,1,3,1.206276222440834e+297,0.002306494904206261,ok,3.5952036600429064e-16,0.0,0.0023064949042062616,reference,0.0,-4.336808689942018e-19,0.0031180545478310573,slack,0.0,0.0031180542999301327,2.479009246145192e-10,0.0,3.5952036600429064e-16,0.0,0.07750000804662704,0.01083302777260542,2.4088339996524155,2.9453340102918446,0.12591603444889188,0.00962504418566823
2,zero_variance,2,3,4.717542541984239e+297,0.008196700802180353,ok,0.0,0.0,0.008196700802180355,reference,3.677176115612022e-16,-1.734723475976807e-18,0.013135317521286972,slack,0.0,0.013135317320751877,2.005350954736862e-10,0.0,0.0,0.0,0.06654101889580488,0.009333016350865364,2.1646670065820217,2.8092089924030006,0.12970803072676063,0.009417010005563498
2,zero_variance,3,3,1.1932409469313566e+297,0.002679103628836793,ok,0.0,0.0,0.0026791036288367955,reference,1.4537914412323635e-15,-2.6020852139652106e-18,0.002679103628836793,binding_ok,0.0,0.0026791035898767208,3.8960072147598e-11,0.0,0.0,0.0,0.06499997107312083,0.06383401341736317,2.114167029503733,2.9908749856986105,0.12024998432025313,0.07091701263561845
2,zero_variance,4,3,4.365048341396332e+297,0.005563673857375688,ok,0.0,0.0,0.005563673857375694,reference,5.166358634297402e-15,-6.071532165918825e-18,0.005563673857375688,binding_ok,0.0,0.005563673674025114,1.8335057343915606e-10,0.0,0.0,0.0,0.057958997786045074,0.058958015870302916,2.493125037290156,3.6385420244187117,0.13229099567979574,0.09624997619539499
2,zero_variance,5,3,1.9291475220513334e+297,0.008549024149952471,ok,0.0,0.0,0.008549024149952473,reference,0.0,-1.734723475976807e-18,0.012592006326633811,slack,0.0,0.012592006104857128,2.217766838230606e-10,0.0,0.0,0.0,0.08633302059024572,0.010958989150822163,2.2158329957164824,3.019208030309528,0.11812499724328518,0.00925001222640276
2,zero_variance,6,3,2.868357961006107e+297,0.004311579670584249,ok,0.0,0.0,0.004311579670584249,reference,0.0,0.0,0.004311579670584249,binding_ok,0.0,0.004311578948767131,7.218171182293842e-10,0.0,0.0,0.0,0.0665000407025218,0.06191700231283903,2.242917020339519,2.683957980480045,0.11508399620652199,0.07620797259733081
2,zero_variance,7,3,1.0250007009877608e+297,0.007594280192919266,ok,0.0,0.0,0.007594280192919267,reference,0.0,-8.673617379884035e-19,0.007755776187602352,slack,0.0,0.007755776109567363,7.803498906083783e-11,0.0,0.0,0.0,0.058624951634556055,0.009125040378421545,2.060875005554408,2.8898330056108534,0.11291698319837451,0.008957984391599894
2,zero_variance,8,3,4.6442557975164705e+297,0.008798238529094397,ok,3.7352022619091216e-16,0.0,0.008798238529094398,reference,2.614641583336385e-15,-1.734723475976807e-18,0.008798238529094397,binding_ok,0.0,0.008798236019958154,2.5091362425289088e-09,0.0,3.7352022619091216e-16,0.0,0.06570800906047225,0.06170797860249877,2.2252920316532254,2.705042017623782,0.11483300477266312,0.07183302659541368
2,zero_variance,9,3,2.9645994543744606e+297,0.008615626080354745,ok,2.925729938688866e-16,0.0,0.008615626080354745,reference,0.0,0.0,0.008615626080354745,binding_ok,0.0,0.00861562400941235,2.070942395002162e-09,0.0,2.925729938688866e-16,0.0,0.05870801396667957,0.058790959883481264,2.2806249908171594,2.7105840272270143,0.13420800678431988,0.07491704309359193
2,zero_variance,10,3,1.3284193782260308e+297,0.00427016637081105,ok,3.264638231740782e-16,0.0,0.004270166370811055,reference,2.285246762218547e-15,-5.204170427930421e-18,0.00427016637081105,binding_ok,3.264638231740782e-16,0.004270160797262509,5.573548541096263e-09,0.0,3.264638231740782e-16,0.0,0.059999991208314896,0.06225000834092498,2.1304579568095505,2.7828330057673156,0.1943749957717955,0.13883301289752126
2,zero_variance,11,3,8.557032962362445e+296,0.0035430084124365747,ok,0.0,0.0,0.0035430084124365795,reference,2.7874670928106207e-15,-4.7704895589362195e-18,0.0035430084124365747,binding_ok,0.0,0.0035430061916893506,2.2207472241339565e-09,0.0,0.0,0.0,0.07025001104921103,0.06287498399615288,2.5337919942103326,6.5771249937824905,0.12270797742530704,0.07837498560547829
2,zero_variance,12,3,2.780630961337379e+297,0.006185689976936322,ok,3.1192982817512585e-16,0.0,0.006185689976936332,reference,6.238596563502517e-15,-9.540979117872439e-18,0.006185689976936322,binding_ok,3.1192982817512585e-16,0.006185688847540111,1.1293962111011413e-09,0.0,3.1192982817512585e-16,0.0,0.057541998103260994,0.05925004370510578,2.2092919680289924,2.6876250049099326,0.10283396113663912,0.07216597441583872
2,zero_variance,13,3,1.1635242133950755e+297,0.004120412053437058,ok,0.0,0.0,0.004120412053437059,reference,0.0,-8.673617379884035e-19,0.004398676625441281,slack,0.0,0.004398676485814543,1.3962673812289994e-10,0.0,0.0,0.0,0.057583965826779604,0.009832961950451136,2.0320420153439045,2.5811250088736415,0.11108297621831298,0.008958042599260807
2,zero_variance,14,3,1.1194913834279552e+297,0.006260641684676809,ok,0.0,0.0,0.006260641684676811,reference,0.0,-1.734723475976807e-18,0.012381786038668945,slack,0.0,0.01238178585828257,1.8038637597528329e-10,0.0,0.0,0.0,0.06412499351426959,0.009499955922365189,2.051499963272363,2.9575410299003124,0.1467080437578261,0.010750023648142815
2,zero_variance,15,3,3.348625908417421e+297,0.003544230982845116,ok,2.5902019565939614e-16,0.0,0.0035442309828451375,reference,8.02962606544128e-15,-2.168404344971009e-17,0.003544230982845116,binding_ok,0.0,0.003544230640325524,3.425195916825774e-10,0.0,2.5902019565939614e-16,0.0,0.07220800034701824,0.06399996345862746,2.618208003696054,3.118499997071922,0.1170000177808106,0.07416598964482546
2,zero_variance,16,3,8.539728236563055e+296,0.002944338251025031,ok,0.0,0.0,0.002944338251025034,reference,4.8244723266545794e-15,-3.0357660829594124e-18,0.002944338251025031,binding_ok,0.0,0.0029443344318295043,3.819195526673369e-09,0.0,0.0,0.0,0.05883298581466079,0.060999998822808266,2.6687089703045785,2.983374986797571,0.13041700003668666,0.07512496085837483
2,zero_variance,17,3,4.5187165984999326e+297,0.0029538828369591145,ok,0.0,0.0,0.002953882836959119,reference,8.82963980540661e-15,-4.336808689942018e-18,0.0029538828369591145,binding_ok,0.0,0.0029538813022996786,1.534659435989405e-09,0.0,0.0,0.0,0.059416983276605606,0.06125000072643161,2.146791957784444,2.610916970297694,0.1134169870056212,0.07166701834648848
2,zero_variance,18,3,1.0355211300114997e+297,-0.00048010691644489306,ok,0.0,0.0,-0.0004801069164448928,reference,1.6752178451033079e-15,-2.710505431213761e-19,-0.00048010691644489306,binding_ok,0.0,-0.0004801090737667287,2.1573218356575434e-09,0.0,0.0,0.0,0.058207951951771975,0.06075005512684584,2.2001670440658927,2.814791980199516,0.13583299005404115,0.0778749817982316
2,zero_variance,19,3,2.626874223916098e+297,0.003187696004674806,ok,0.0,0.0,0.003187696004674807,reference,3.3018776844799057e-16,-8.673617379884035e-19,0.007416734327670594,slack,0.0,0.007416734111198417,2.1647217698927967e-10,0.0,0.0,0.0,0.06029097130522132,0.009417010005563498,2.097124990541488,2.783625037409365,0.12050004443153739,0.009749957825988531
2,zero_variance,20,3,2.488011841620011e+297,0.0007469466701757149,ok,3.486164026549171e-16,0.0,0.0007469466701757179,reference,2.0916984159295025e-15,-3.0357660829594124e-18,0.0007469466701757149,binding_ok,3.486164026549171e-16,0.0007469466138322815,5.634343339111503e-11,0.0,3.486164026549171e-16,0.0,0.06487499922513962,0.06179203046485782,2.666125015821308,4.5642920304089785,0.2667080261744559,0.09304197737947106
2,tied_means,1,3,20.97573450153962,0.008980371054304204,degenerate_face,0.0,0.0,0.008980371054304204,reference,0.0,0.0,0.008980371054304204,slack,0.0,0.008980371054304204,0.0,0.0,0.0,0.0,0.2329580020159483,0.08679198799654841,2.977500029373914,2.9674999532289803,0.2673339913599193,0.059125013649463654
2,tied_means,2,3,309.77352577557923,0.009508244403900912,degenerate_face,0.0,0.0,0.009508244403900912,reference,0.0,0.0,0.009508244403900912,slack,0.0,0.009508244403900912,0.0,0.0,0.0,0.0,0.11658301809802651,0.05383294774219394,2.1680000354535878,2.3522499832324684,0.2203750191256404,0.05408300785347819
2,tied_means,3,3,9.448540361070876,0.003175966545498824,degenerate_face,0.0,0.0,0.0031759665454988246,reference,3.4342545681216464e-16,-4.336808689942018e-19,0.003175966545498824,slack,0.0,0.003175966545498824,0.0,0.0,0.0,0.0,0.11458300286903977,0.053750001825392246,1.9865840440616012,2.628625021316111,0.2169999643228948,0.05408399738371372
2,tied_means,4,3,17.069908890623005,0.009813391197649877,degenerate_face,0.0,0.0,0.009813391197649879,reference,1.5509575139011432e-16,-1.734723475976807e-18,0.009813391197649877,slack,0.0,0.009813391197649875,1.734723475976807e-18,0.0,0.0,0.0,0.11550000635907054,0.06495899287983775,2.3586659808643162,2.952000009827316,0.24304201360791922,0.05470897303894162
2,tied_means,5,3,1.3929174714575205,0.010330037099316923,degenerate_face,1.941989734373442e-16,0.0,0.010330037099316923,reference,0.0,0.0,0.010330037099316923,slack,0.0,0.010330037099316923,0.0,0.0,1.941989734373442e-16,0.0,0.368500011973083,0.1651250058785081,2.222334034740925,3.6054999800398946,0.22475002333521843,0.05462497938424349
2,tied_means,6,3,24.27095307449246,0.012117847314919416,degenerate_face,0.0,0.0,0.012117847314919418,reference,2.2796765090757867e-16,-1.734723475976807e-18,0.012117847314919416,slack,0.0,0.012117847314919416,0.0,0.0,0.0,0.0,0.1676249667070806,0.058375007938593626,2.0705829956568778,2.373750030528754,0.2405419945716858,0.19300001440569758
2,tied_means,7,3,44.5179811140841,0.01189155684630995,degenerate_face,0.0,0.0,0.011891556846309952,reference,2.0956148060683475e-16,-1.734723475976807e-18,0.01189155684630995,slack,0.0,0.01189155684630995,0.0,0.0,0.0,0.0,0.15841599088162184,0.05616695852950215,2.0621250150725245,2.6121250120922923,0.2116659888997674,0.050875009037554264
2,tied_means,8,3,3.2980905721100573,0.00594743963829783,degenerate_face,0.0,0.0,0.00594743963829783,reference,0.0,0.0,0.00594743963829783,slack,0.0,0.00594743963829783,0.0,0.0,0.0,0.0,0.11512503260746598,0.05324999801814556,2.0746670197695494,4.165375023148954,0.2559590502642095,0.05766603862866759
2,tied_means,9,3,1.7035362258021611,0.0015081317836263743,degenerate_face,0.0,0.0,0.0015081317836263743,reference,0.0,0.0,0.0015081317836263743,slack,0.0,0.001508131783626374,2.168404344971009e-19,0.0,0.0,0.0,0.12037501437589526,0.054750009439885616,2.217959030531347,2.7988330111838877,0.2607500064186752,0.05633296677842736
2,tied_means,10,3,189.31729091614952,0.006546711989767137,degenerate_face,0.0,0.0,0.006546711989767138,reference,1.3529344293498788e-16,-8.673617379884035e-19,0.006546711989767137,slack,0.0,0.006546711989767138,-8.673617379884035e-19,0.0,0.0,0.0,0.14579197159036994,0.054917007219046354,2.5409169611521065,2.560707973316312,0.3462920431047678,0.06658403435721993
2,tied_means,11,3,9.919329688533105,0.010331528670489545,degenerate_face,3.6567693450937256e-16,0.0,0.010331528670489545,reference,0.0,0.0,0.010331528670489545,slack,0.0,0.010331528670489545,0.0,0.0,3.6567693450937256e-16,0.0,0.13291696086525917,0.056333024986088276,2.2237920202314854,3.1740840058773756,0.2223330084234476,0.0541249755769968
2,tied_means,12,3,4.979880395367203,0.010969722294775053,degenerate_face,2.3354443244800104e-16,0.0,0.010969722294775056,reference,0.0,-3.469446951953614e-18,0.010969722294775055,slack,0.0,0.010969722294775056,-1.734723475976807e-18,0.0,2.3354443244800104e-16,0.0,0.13837497681379318,0.0541249755769968,2.266917028464377,2.725584025029093,0.23875001352280378,0.054708041716367006
2,tied_means,13,3,18304.424837087765,0.013879392692351309,degenerate_face,0.0,0.0,0.01387939269235131,reference,1.921265054235757e-15,-1.734723475976807e-18,0.013879392692351309,slack,0.0,0.013879392692351309,0.0,0.0,0.0,0.0,0.11908297892659903,0.05566602339968085,2.2260419791564345,3.664374991785735,0.27820898685604334,0.059207959566265345
2,tied_means,14,3,349.3640001450555,0.008327930539415426,degenerate_face,0.0,0.0,0.008327930539415428,reference,0.0,-1.734723475976807e-18,0.008327930539415426,slack,0.0,0.008327930539415426,0.0,0.0,0.0,0.0,0.12020801659673452,0.05324999801814556,2.4912080261856318,2.359291014727205,0.24287495762109756,0.0530409743078053
2,tied_means,15,3,8.734471511715014,0.01001431654344499,degenerate_face,0.0,0.0,0.01001431654344499,reference,0.0,0.0,0.01001431654344499,slack,0.0,0.01001431654344499,0.0,0.0,0.0,0.0,0.2304590307176113,0.05670799873769283,2.555791987106204,2.880917047150433,0.23750000400468707,0.0552500132471323
2,tied_means,16,3,5.6816474536439046,0.0035662181650222323,degenerate_face,2.8360338781776066e-16,0.0,0.0035662181650222328,reference,2.6942321842687263e-15,-4.336808689942018e-19,0.003566218165022232,slack,0.0,0.003566218165022233,-1.3010426069826053e-18,0.0,2.8360338781776066e-16,0.0,0.11608400382101536,0.05470897303894162,2.1417910465970635,2.9021670343354344,0.2280839835293591,0.05620799493044615
2,tied_means,17,3,15.925800706599825,0.007296097870084197,degenerate_face,0.0,0.0,0.007296097870084198,reference,1.5775504086111256e-16,-8.673617379884035e-19,0.007296097870084197,slack,0.0,0.007296097870084197,0.0,0.0,0.0,0.0,0.3469999646767974,0.1587080187164247,2.267249976284802,2.6615000097081065,0.2192499814555049,0.05520798731595278
2,tied_means,18,3,3.0822117116651007,0.007418340814591829,degenerate_face,1.8996632305345377e-16,0.0,0.00741834081459183,reference,1.8996632305345377e-16,-8.673617379884035e-19,0.007418340814591829,slack,0.0,0.007418340814591829,0.0,0.0,1.8996632305345377e-16,0.0,0.12058299034833908,0.05516601959243417,2.4643329670652747,2.9657079721800983,0.2483749995008111,0.0558749889023602
2,tied_means,19,3,575.5851791153179,0.00980053207261684,degenerate_face,0.0,0.0,0.00980053207261684,reference,0.0,0.0,0.00980053207261684,slack,0.0,0.00980053207261684,0.0,0.0,0.0,0.0,0.11783302761614323,0.05204201443120837,2.4737920030020177,3.4014159464277327,0.2840409870259464,0.13449997641146183
2,tied_means,20,3,1.606971270676994,0.004472583434326936,degenerate_face,0.0,0.0,0.004472583434326936,reference,0.0,0.0,0.004472583434326936,slack,0.0,0.004472583434326937,-8.673617379884035e-19,0.0,0.0,0.0,0.3006670158356428,0.05849997978657484,3.4026250359602273,3.144417016301304,0.24862500140443444,0.05545798921957612
2,boundary,1,3,14.419270569458012,0.008471437841216766,ok,1.2674474920832094e-16,0.0,0.008471437841216766,reference,1.2674474920832094e-16,0.0,0.008471437841216766,slack,0.0,0.008471435891614908,1.9496018584252983e-09,0.0,1.2674474920832094e-16,0.0,0.07812504190951586,0.01108401920646429,2.337916987016797,2.4546250351704657,0.08079200051724911,0.011584023013710976
2,boundary,2,3,9.44684383976286,0.0034575350721242244,ok,2.2081148718066618e-16,0.0,0.0034575350721242244,reference,2.2081148718066618e-16,0.0,0.0034575350721242244,slack,0.0,0.003457534458427101,6.136971235012889e-10,0.0,2.2081148718066618e-16,0.0,0.10054197628051043,0.010541989468038082,2.23837501835078,2.7202089549973607,0.0779579859226942,0.01091597368940711
2,boundary,3,3,2.987808046355972,0.0075614694504136295,ok,0.0,0.0,0.0075614694504136295,reference,0.0,0.0,0.0075614694504136295,slack,0.0,0.007561464912825259,4.537588370150114e-09,0.0,0.0,0.0,0.1028330298140645,0.010583025868982077,2.372874994762242,2.3887500283308327,0.07566699059680104,0.009750016033649445
2,boundary,4,3,12.452223162728751,0.006752806278626341,ok,3.302490468765572e-16,0.0,0.006752806278626341,reference,3.302490468765572e-16,0.0,0.006752806278626341,slack,3.302490468765572e-16,0.0067528060246961445,2.53930196314478e-10,0.0,3.302490468765572e-16,0.0,0.09549997048452497,0.010665971785783768,2.4460419663228095,2.3413749877363443,0.15395903028547764,0.015249999705702066
2,boundary,5,3,23.986047913444946,0.008008255828652042,ok,1.269823827276578e-16,0.0,0.008008255828652042,reference,1.269823827276578e-16,0.0,0.008008255828652042,slack,1.269823827276578e-16,0.008008255270274448,5.583775941619962e-10,0.0,1.269823827276578e-16,0.0,0.20950002362951636,0.014416989870369434,2.4287920095957816,2.617917023599148,0.06970798131078482,0.010457995813339949
2,boundary,6,3,8.643399188536096,0.0061861950513580405,ok,1.6721499285688605e-16,0.0,0.0061861950513580405,reference,1.6721499285688605e-16,0.0,0.0061861950513580405,slack,1.6721499285688605e-16,0.006186194800798562,2.505594785470744e-10,0.0,1.6721499285688605e-16,0.0,0.09979103924706578,0.009584007784724236,2.068999980110675,2.758249989710748,0.058166973758488894,0.008457980584353209
2,boundary,7,3,197.43937357181554,0.011213517358064315,ok,1.3267116142011707e-16,0.0,0.011213517358064315,reference,1.3267116142011707e-16,0.0,0.011213517358064315,slack,0.0,0.01121351659066091,7.674034047111533e-10,0.0,1.3267116142011707e-16,0.0,0.0914589618332684,0.010334013495594263,2.011291973758489,2.583583991508931,0.07920799544081092,0.010374991688877344
2,boundary,8,3,2.6247881342536106,0.007280160882497973,ok,0.0,0.0,0.007280160882497973,reference,0.0,0.0,0.007280160882497973,slack,0.0,0.007280160842868722,3.962925126943517e-11,0.0,0.0,0.0,0.10570796439424157,0.011249969247728586,2.2390830563381314,2.7685410459525883,0.08945900481194258,0.010457995813339949
2,boundary,9,3,2.813122006785481,0.01273261583272025,ok,1.1669729553239672e-16,0.0,0.01273261583272025,reference,1.1669729553239672e-16,0.0,0.01273261583272025,slack,0.0,0.012732615754168576,7.855167384607231e-11,0.0,1.1669729553239672e-16,0.0,0.10716699762269855,0.01004204386845231,3.780708007980138,3.8486249977722764,0.08337502367794514,0.01129100564867258
2,boundary,10,3,9.77950721122919,0.009248661120693067,ok,0.0,0.0,0.009248661120693067,reference,0.0,0.0,0.009248661120693067,slack,0.0,0.009248661090679377,3.001368945043659e-11,0.0,0.0,0.0,0.10895897867158055,0.010457995813339949,2.9615419916808605,2.875667007174343,0.112209003418684,0.011958007235080004
2,boundary,11,3,4.277435131990301,0.004274413374597261,ok,0.0,0.0,0.004274413374597261,reference,0.0,0.0,0.004274413374597261,slack,0.0,0.004274413138114507,2.3648275351839665e-10,0.0,0.0,0.0,0.11662498582154512,0.010540999937802553,2.5043750065378845,2.8767919866368175,0.07104204269126058,0.009707990102469921
2,boundary,12,3,3.986013142332897,0.00665913695437035,ok,0.0,0.0,0.00665913695437035,reference,0.0,0.0,0.00665913695437035,slack,0.0,0.006659136901706124,5.2664225411169774e-11,0.0,0.0,0.0,0.10258302791044116,0.01029198756441474,2.6696670101955533,2.9871250153519213,0.07770897354930639,0.011166965123265982
2,boundary,13,3,3.5945480154340266,0.008628429060575947,ok,3.640955601023485e-16,0.0,0.008628429060575947,reference,3.640955601023485e-16,0.0,0.008628429060575947,slack,0.0,0.008628425154359546,3.9062164006870015e-09,0.0,3.640955601023485e-16,0.0,0.1075830077752471,0.010458985343575478,2.371374983340502,2.51837499672547,0.1889169798232615,0.013249984476715326
2,boundary,14,3,6.2919685562564345,0.004984646566528887,ok,0.0,0.0,0.004984646566528887,reference,0.0,0.0,0.004984646566528887,slack,0.0,0.004984646531083484,3.544540268934915e-11,0.0,0.0,0.0,0.10154099436476827,0.026124995201826096,2.0893749897368252,2.4807080044411123,0.07887498941272497,0.010500021744519472
2,boundary,15,3,8.500990702405945,0.005840509429614609,ok,1.1728349957391423e-16,0.0,0.005840509429614609,reference,1.1728349957391423e-16,0.0,0.005840509429614609,slack,0.0,0.0058405077634716305,1.6661429787928617e-09,0.0,1.1728349957391423e-16,0.0,0.1027500256896019,0.010207993909716606,2.131125016603619,2.666874963324517,0.07312500383704901,0.010583957191556692
2,boundary,16,3,73.29695361815264,0.006043711717876172,ok,0.0,0.0,0.006043711717876172,reference,0.0,0.0,0.006043711717876172,slack,0.0,0.006043711328000694,3.898754782558078e-10,0.0,0.0,0.0,0.10500004282221198,0.010416028089821339,2.2617080248892307,2.5659159873612225,0.08320796769112349,0.011374999303370714
2,boundary,17,3,13.311113787845079,0.005574996240536188,ok,0.0,0.0,0.005574996240536188,reference,0.0,0.0,0.005574996240536188,slack,0.0,0.005574996209107856,3.142833215896701e-11,0.0,0.0,0.0,0.10908296098932624,0.010374991688877344,2.4018330150283873,2.514166000764817,0.08170795626938343,0.011458003427833319
2,boundary,18,3,18.973154314826804,0.008756377672647284,ok,0.0,0.0,0.008756377672647284,reference,0.0,0.0,0.008756377672647284,slack,0.0,0.008756377600729264,7.191802015027449e-11,0.0,0.0,0.0,0.10845798533409834,0.010374991688877344,2.2240839898586273,2.746500016655773,0.07741700392216444,0.011000025551766157
2,boundary,19,3,3.3834948664426125,0.008135510852676879,ok,0.0,0.0,0.008135510852676879,reference,0.0,0.0,0.008135510852676879,slack,0.0,0.008135510775740241,7.693663761632052e-11,0.0,0.0,0.0,0.1028330298140645,0.01033296575769782,2.526625001337379,2.5335410027764738,0.0839160056784749,0.0118750031106174
2,boundary,20,3,2.9268613238953582,0.007518811707743681,ok,0.0,0.0,0.007518811707743681,reference,0.0,0.0,0.007518811707743681,slack,0.0,0.007518811658348902,4.9394779065570216e-11,0.0,0.0,0.0,0.11341599747538567,0.010707997716963291,2.404583035968244,2.505708020180464,0.0761249684728682,0.010083022061735392
3,random,1,7,13.350518802824404,0.00959474477689584,ok,1.7322518389183688e-16,0.0,0.009594744776895845,reference,4.677079965079595e-15,-5.204170427930421e-18,0.00959474477689584,binding_ok,1.7322518389183688e-16,0.009594743145868417,1.631027422496767e-09,-1.214306433183765e-17,9.873835481834701e-15,-1.214306433183765e-17,0.2733329893089831,0.20170799689367414,2.212250023148954,4.974874958861619,0.10825000936165452,0.07037504110485315
3,random,2,7,166.16415067414138,0.0039902965848570655,ok,0.0,0.0,0.003990296584857069,reference,2.4285088096869495e-15,-3.469446951953614e-18,0.0039902965848570655,binding_ok,0.0,0.00399029603443241,5.504246555071424e-10,0.0,3.7361673995183836e-16,0.0,0.24479097919538617,0.18216698663309216,2.2683750139549375,5.806541012134403,0.11708296369761229,0.06908399518579245
3,random,3,7,98.59199248499401,0.008321714133742763,ok,4.2633010730924806e-16,0.0,0.008321714133742763,reference,0.0,0.0,0.008321714133742763,binding_ok,4.2633010730924806e-16,0.008321713325389628,8.083531344293959e-10,-5.204170427930421e-18,1.9184854828916164e-15,-5.204170427930421e-18,0.2376670017838478,0.17958396347239614,2.359291014727205,3.9580000448040664,0.11145800817757845,0.07262500002980232
3,random,4,7,1072.6757066601278,0.003234788537201763,ok,1.9293271468852447e-16,0.0,0.003234788537201767,reference,9.260770305049175e-15,-4.336808689942018e-18,0.003234788537201763,binding_ok,1.9293271468852447e-16,0.003234787685508782,8.51692980897989e-10,2.6194324487249787e-16,6.26066659164262e-13,2.6194324487249787e-16,0.23045798297971487,0.1728750066831708,2.0665409974753857,8.361416053958237,0.11025002459064126,0.07279199780896306
3,random,5,7,35.3252211789691,0.0011359790519507433,ok,0.0,0.0,0.0011359790519507563,reference,2.629944904403446e-15,-1.3010426069826053e-17,0.0011359790519507433,binding_ok,0.0,0.001135977618974332,1.43297641135888e-09,2.168404344971009e-19,0.0,2.168404344971009e-19,0.21845899755135179,0.1728750066831708,2.263291971758008,30.72229103418067,0.15041703591123223,0.07966702105477452
3,random,6,7,24.943738248157423,0.007652417876647392,ok,2.1485408279423219e-16,0.0,0.007652417876647395,reference,6.660476566621198e-15,-3.469446951953614e-18,0.007652417876647392,binding_ok,2.1485408279423219e-16,0.007652417633135927,2.4351146446499605e-10,-9.540979117872439e-18,2.6212198100896327e-14,-9.540979117872439e-18,0.24437502725049853,0.24887500330805779,2.3549579782411456,5.096333974506706,0.1103340182453394,0.07270800415426493
3,random,7,7,81.51009646848105,0.00653183299488912,ok,2.343935676672541e-16,0.0,0.006531832994889129,reference,4.8050681371787085e-15,-8.673617379884035e-18,0.00653183299488912,binding_ok,2.343935676672541e-16,0.006531831049893911,1.9449952091618594e-09,5.204170427930421e-18,3.16431316350793e-15,5.204170427930421e-18,0.24133396800607443,0.1812080154195428,2.069834037683904,7.544583000708371,0.10087498230859637,0.0797079992480576
3,random,8,7,14.836663471623687,0.00125040435556307,ok,9.456287191635327e-16,0.0,0.0012504043555630806,reference,9.69269437142621e-15,-1.0625181290357943e-17,0.00125040435556307,binding_ok,9.456287191635327e-16,0.001250404067152903,2.8841016705936917e-10,-1.3010426069826053e-18,2.3640717979088317e-16,-1.3010426069826053e-18,0.22308400366455317,0.1641659764572978,2.4826659937389195,43.84437500266358,0.10837498120963573,0.06929098162800074
3,random,9,7,11.801137016967617,0.005802006157462794,ok,3.4477169298025953e-16,1.1102230246251565e-16,0.005802006157462797,reference,8.274520631526227e-15,-3.469446951953614e-18,0.005802006157462794,binding_ok,0.0,0.005802006031959024,1.2550376970316135e-10,7.806255641895632e-18,1.982437234636492e-14,7.806255641895632e-18,0.2305000089108944,0.17862499225884676,2.140750002581626,5.446791008580476,0.1128750154748559,0.0696660135872662
3,random,10,7,447.6207757493869,0.004115778570897591,ok,3.87383383319599e-16,0.0,0.00411577857090219,reference,6.012771184195156e-12,-4.598751934814516e-15,0.004115778570897591,binding_ok,3.87383383319599e-16,0.0041157784530414495,1.1785614151271773e-10,-8.673617379884035e-19,5.810750749793985e-16,-8.673617379884035e-19,0.29312499100342393,0.1788339577615261,2.329625014681369,24.222916981671005,0.11620897566899657,0.07033400470390916
3,random,11,7,6.945586603755319,0.011038981473235145,ok,0.0,0.0,0.01103898147323517,reference,9.61962183819346e-15,-2.42861286636753e-17,0.011038981473235145,binding_ok,0.0,0.011038981198544379,2.7469076666064574e-10,3.469446951953614e-18,9.61962183819346e-16,3.469446951953614e-18,0.2346669789403677,0.17312495037913322,2.2762500448152423,43.73916698386893,0.12574996799230576,0.07795903366059065
3,random,12,7,58.66927285848721,0.007878350172585176,ok,2.0607570895830838e-16,0.0,0.007878350172585176,reference,4.1215141791661676e-16,0.0,0.007878350172585176,binding_ok,0.0,0.007878350055952792,1.1663238430603684e-10,-1.734723475976807e-18,6.182271268749252e-16,-1.734723475976807e-18,0.23416703334078193,0.17433299217373133,2.180375042371452,11.817833001259714,0.11449999874457717,0.07079099304974079
3,random,13,7,68.89779246665147,0.0045488281715096585,ok,1.1234914257953752e-16,0.0,0.004548828171509687,reference,8.313836550885776e-15,-2.862293735361732e-17,0.0045488281715096585,binding_ok,1.1234914257953752e-16,0.0045488251926947,2.978814958587428e-09,8.673617379884035e-19,3.370474277386125e-16,8.673617379884035e-19,0.22483401698991656,0.17133302753791213,2.754917019046843,12.014915992040187,0.12391596101224422,0.07420801557600498
3,random,14,7,26.87141883097469,0.007430865613603116,ok,0.0,0.0,0.007430865613603117,reference,5.076806713834214e-16,-8.673617379884035e-19,0.007430865613603116,binding_ok,0.0,0.0074308654751355984,1.3846751783369582e-10,6.071532165918825e-18,1.3072777288123101e-14,6.071532165918825e-18,0.23508298909291625,0.17487502191215754,2.804459014441818,4.134707967750728,0.11412502499297261,0.06833299994468689
3,random,15,7,253.840295990342,0.004489182403963501,ok,5.989907597671912e-16,0.0,0.004489182403963519,reference,6.588898357439103e-15,-1.8214596497756474e-17,0.004489182403963501,binding_ok,5.989907597671912e-16,0.004489182333603011,7.036049000375133e-11,1.734723475976807e-18,5.989907597671912e-16,1.734723475976807e-18,0.2323330263607204,0.17604202730581164,3.3618329907767475,4.641334002371877,0.10245898738503456,0.0653750030323863
3,random,16,7,16.225217062417503,0.007097017643779005,ok,8.168699687785813e-16,1.1102230246251565e-16,0.007097017643779006,reference,2.0421749219464533e-16,-1.734723475976807e-18,0.007100355824341534,slack,0.0,0.007100355745325164,7.901637070345524e-11,8.673617379884035e-19,8.168699687785813e-16,0.0,0.23029197473078966,0.009957992006093264,2.5435840361751616,8.121084014419466,0.10287499753758311,0.012583041097968817
3,random,17,7,13.335758819420443,0.00453438261039914,ok,1.665603134132224e-16,0.0,0.004534382610399195,reference,8.328015670661119e-15,-5.4643789493269423e-17,0.00453438261039914,binding_ok,1.665603134132224e-16,0.004534381878774496,7.316246436808727e-10,-8.673617379884035e-19,0.0,-8.673617379884035e-19,0.22687501041218638,0.1782500185072422,2.3462079698219895,8.564582967665046,0.11424999684095383,0.07266702596098185
3,random,18,7,131.63741574207506,0.006280092581889565,ok,0.0,0.0,0.006280092581889586,reference,9.428073268315786e-15,-2.0816681711721685e-17,0.006280092581889565,binding_ok,0.0,0.006280091357998949,1.2238906164571683e-09,0.0,1.7459394941325526e-16,0.0,0.32824999652802944,0.22229203023016453,2.7526249759830534,5.500666971784085,0.11391699081286788,0.06799999391660094
3,random,19,7,31.74385311266538,0.009806829464666631,ok,0.0,0.0,0.009806829464666638,reference,5.9302235957415e-15,-6.938893903907228e-18,0.009806829464666631,binding_ok,0.0,0.009806828995308608,4.693580229336858e-10,-5.204170427930421e-18,2.2238338484030625e-15,-5.204170427930421e-18,0.2417920040898025,0.1776250428520143,2.486917015630752,7.386957993730903,0.12437498662620783,0.07408304372802377
3,random,20,7,14.163504927686455,0.0057641511554864105,ok,0.0,0.0,0.005764151155486431,reference,3.721523488174515e-15,-2.0816681711721685e-17,0.0057641511554864105,binding_ok,0.0,0.005764150690122125,4.6536428530141727e-10,8.673617379884035e-19,2.6582310629817966e-16,8.673617379884035e-19,0.2363750245422125,0.17704098718240857,2.958292025141418,4.952832998242229,0.1330000231973827,0.0753339845687151
3,near_singular,1,7,34214622.2283918,0.005729991278971225,ok,5.605653125101937e-15,0.0,0.005729991278971226,reference,3.737102083401291e-16,-8.673617379884035e-19,0.005729991278971225,binding_ok,0.0,0.005729984680737093,6.598234131814651e-09,-1.546349680248138e-11,2.2926316646217344e-07,-1.546349680248138e-11,0.7808749796822667,0.21683401428163052,2.572417026385665,4.080374957993627,0.11149997590109706,0.06916699931025505
3,near_singular,2,7,11397514.022773253,0.0011118868190644552,ok,0.0,0.0,0.001111886819064475,reference,9.910060261696383e-15,-1.973247953923618e-17,0.0011118868190644552,binding_ok,0.0,0.0011118867535448247,6.551963051965037e-11,-2.411911816102563e-13,1.2210709898685263e-10,-2.411911816102563e-13,0.23100001271814108,0.17862499225884676,2.514291030820459,4.801833012606949,0.09541702456772327,0.0647500273771584
3,near_singular,3,7,19243662.467306428,0.006864765737204607,ok,6.486627585698738e-16,0.0,0.006864765737204621,reference,3.459534712372661e-14,-1.3877787807814457e-17,0.006864765737204607,binding_ok,6.486627585698738e-16,0.00686476553694055,2.0026405707362915e-10,-2.3540943500099942e-12,6.376905631423886e-09,-2.3540943500099942e-12,0.2269999822601676,0.18208404071629047,2.6940000243484974,5.331042048055679,0.11687504593282938,0.07100001676008105
3,near_singular,4,7,29053313.732020054,0.006424406639346056,ok,0.0,0.0,0.006424406639346057,reference,1.2435907208552891e-16,-8.673617379884035e-19,0.006720149265032863,slack,0.0,0.006720148244068052,1.020964810957703e-09,1.1765866059221253e-12,1.3426708269217043e-09,0.0,0.22549997083842754,0.010458054021000862,2.796375018078834,3.962957998737693,0.1259170239791274,0.015290977898985147
3,near_singular,5,7,33715308.96785823,0.008250904107956277,ok,1.239175335374604e-13,0.0,0.008250904107956284,reference,8.054639679934926e-14,-6.938893903907228e-18,0.008250904107956277,binding_ok,0.0,0.008250904051909877,5.604640015977047e-11,1.0547951401207456e-12,3.005583839866376e-08,1.0547951401207456e-12,0.24312501773238182,0.18279097275808454,2.525166026316583,5.821166967507452,0.11274998541921377,0.07449998520314693
3,near_singular,6,7,1724681.9252131858,0.004681169907343599,ok,9.73287472015763e-16,0.0,0.004681169907347432,reference,1.9870831686168222e-11,-3.832871520170755e-15,0.004681169907343599,binding_ok,9.73287472015763e-16,0.004681169878292752,2.9050847664968682e-11,2.942073668021905e-13,1.5252670227325907e-09,2.942073668021905e-13,0.2519589615985751,0.1836249721236527,2.5573750026524067,7.029834028799087,0.11645798804238439,0.07454102160409093
3,near_singular,7,7,2790895.234651792,0.006745605453222057,ok,3.072024724777575e-16,0.0,0.006745605453222057,reference,3.072024724777575e-16,0.0,0.007637184731233859,slack,0.0,0.007637183769895869,9.613379901157737e-10,2.752381655923841e-13,1.960047007174561e-10,0.0,0.23929099552333355,0.01083302777260542,2.494000014849007,3.781625011470169,0.12762501137331128,0.016375037375837564
3,near_singular,8,7,32639739.803167768,0.010378544779601019,ok,1.1193180223547878e-15,0.0,0.010378544779601475,reference,6.788663805581789e-13,-4.562322741819003e-16,0.010378544779601019,binding_ok,1.1193180223547878e-15,0.010378543158033026,1.6215679927295001e-09,0.0,1.1193180223547878e-15,0.0,0.2584579633548856,0.18604198703542352,2.4883750011213124,5.8470829972065985,0.5152500234544277,0.3124589566141367
3,near_singular,9,7,5701491.536934227,0.0065631407032854866,ok,3.3788920152782784e-16,0.0,0.006563140703285491,reference,4.054670418333934e-15,-4.336808689942018e-18,0.0065631407032854866,binding_ok,3.3788920152782784e-16,0.006562958967192705,1.8173609278148567e-07,-1.5271898329283218e-13,1.1508759620938961e-10,-1.5271898329283218e-13,0.18416601233184338,0.1728750066831708,2.1310410229489207,3.699875029269606,0.11679099407047033,0.06908300565555692
3,near_singular,10,7,80496905.86765884,0.007340418467586034,ok,4.967175461890629e-16,0.0,0.0073404184675860355,reference,1.2417938654726574e-15,-1.734723475976807e-18,0.007340418467586034,binding_ok,4.967175461890629e-16,0.007340418432726399,3.485963514376911e-11,-8.498616220486976e-11,2.7614029622089857e-07,-8.498616220486976e-11,0.228708959184587,0.17562502762302756,2.744500001426786,3.9869999745860696,0.1032919972203672,0.06629200652241707
3,near_singular,11,7,13172868.54721902,0.01057753931704023,ok,0.0,0.0,0.010577539317040233,reference,5.010970072228263e-16,-3.469446951953614e-18,0.01057753931704023,binding_ok,0.0,0.01057753857939899,7.376412397563925e-10,-8.783425375913367e-14,1.4678634632578248e-11,-8.783425375913367e-14,0.22379099391400814,0.17370801651850343,2.541917026974261,3.766792011447251,0.11270900722593069,0.07229199400171638
3,near_singular,12,7,22374392.343653828,0.00758145915584689,ok,4.943794968013784e-16,0.0,0.007581459155846895,reference,2.8179631317678568e-14,-5.204170427930421e-18,0.00758145915584689,binding_ok,0.0,0.007581459061415693,9.443119636937114e-11,-1.8796309994573157e-12,1.1581451424802999e-08,-1.8796309994573157e-12,0.23554201470687985,0.1848749816417694,2.1032500080764294,12.03354197787121,0.12037495616823435,0.07216603262349963
3,near_singular,13,7,21778969.442470837,0.004121756907608018,ok,1.139575818985463e-16,0.0,0.004121756907608028,reference,3.07685471126075e-15,-9.540979117872439e-18,0.004121756907608018,binding_ok,1.139575818985463e-16,0.004121746657380479,1.0250227539150558e-08,-8.631038592166185e-13,2.7408234312132306e-10,-8.631038592166185e-13,0.2394170151092112,0.17862499225884676,2.3358750040642917,4.259207984432578,0.17512502381578088,0.08258299203589559
3,near_singular,14,7,12093172.60546745,0.003246261197659162,ok,0.0,0.0,0.0032462611976591628,reference,1.6466810565174108e-15,-8.673617379884035e-19,0.003246261197659162,binding_ok,0.0,0.003246257053823278,4.143835883804736e-09,2.5394009811607887e-13,3.8544604496378465e-10,2.5394009811607887e-13,0.27650000993162394,0.18787500448524952,2.692457986995578,4.213750013150275,0.1255410024896264,0.0723340199328959
3,near_singular,15,7,11939273.601701662,0.01066129565715708,ok,5.565679773385853e-16,0.0,0.010661295657157097,reference,9.27613295564309e-15,-1.734723475976807e-17,0.013100911975617371,slack,0.0,0.013100911945073302,3.0544069010152164e-11,1.5185630530822891e-12,9.398935969389665e-10,0.0,0.3806670429185033,0.014874967746436596,2.3732500267215073,3.4640420344658196,0.1184159773401916,0.014042016118764877
3,near_singular,16,7,10470522.701207524,0.011710181885429728,ok,2.128309410062855e-16,0.0,0.011710181885429737,reference,9.577392345282848e-15,-8.673617379884035e-18,0.011710181885429728,binding_ok,0.0,0.011710181686886503,1.9854322526324797e-10,-1.233061049099593e-11,1.1857478522798339e-08,-1.233061049099593e-11,0.242917041759938,0.17758301692083478,2.407041029073298,4.375500022433698,0.10699999984353781,0.07050001295283437
3,near_singular,17,7,41594452.66148197,0.009136231928174518,ok,4.1505862637086823e-14,0.0,0.009136231928174521,reference,3.434967942379599e-14,-3.469446951953614e-18,0.009136231928174518,binding_ok,0.0,0.009136231185582688,7.425918300413281e-10,1.1730809032495237e-11,8.000670096237222e-07,1.1730809032495237e-11,0.2387090353295207,0.181750045157969,2.6469589793123305,9.441374975722283,0.11470902245491743,0.06925000343471766
3,near_singular,18,7,4194053.039603153,0.004453394908472046,ok,1.0560925330970558e-15,0.0,0.004453394908472049,reference,9.035458338719255e-15,-2.6020852139652106e-18,0.004453394908472046,binding_ok,1.0560925330970558e-15,0.0044533948473833435,6.108870267279576e-11,2.3781671076861244e-13,9.358633214772286e-10,2.3781671076861244e-13,0.23100001271814108,0.17708295490592718,2.649083035066724,4.4227089965716,0.15612499555572867,0.09345798753201962
3,near_singular,19,7,16059672.029484607,0.00764627504129619,ok,3.836531661524256e-15,0.0,0.007646275041725622,reference,1.3628254373611292e-08,-4.2943253120153457e-13,0.00764627504129619,binding_ok,0.0,0.0076462744815049295,5.597912602212096e-10,1.7580416289408873e-12,5.579249696703185e-08,1.7580416289408873e-12,0.4538340144790709,0.23979198886081576,2.263750007841736,50.709334027487785,0.13629195746034384,0.07399998139590025
3,near_singular,20,7,15962792.977435332,0.008144974806091458,ok,4.074242953838741e-13,0.0,0.008144974806091476,reference,4.108770436498392e-12,-1.734723475976807e-17,0.008144974806091458,binding_ok,4.074242953838741e-13,0.008144973908401949,8.976895095325066e-10,3.3982018587952467e-13,6.915783650113686e-08,3.3982018587952467e-13,0.3096250002272427,0.18575001740828156,2.3380829952657223,59.09258400788531,0.13266701716929674,0.07383403135463595
3,duplicate,1,7,2.2863871187688936e+16,0.007899049359399257,ok,2.6092734790698933e-16,0.0,0.007899049359399259,reference,3.9139102186048397e-16,-1.734723475976807e-18,0.007899049359399257,binding_ok,2.6092734790698933e-16,0.007899049262784428,9.661482898437601e-11,0.0,2.6092734790698933e-16,0.0,0.23083301493898034,0.16837503062561154,2.357750025112182,5.427915952168405,0.2744169905781746,0.17549999756738544
3,duplicate,2,7,2.7499250087182825e+297,0.00954584057435629,ok,6.205546465941754e-16,0.0,0.009545840574356292,reference,2.0685154886472514e-16,-1.734723475976807e-18,0.00954584057435629,binding_ok,6.205546465941754e-16,0.009545840478195067,9.616122308153674e-11,0.0,6.205546465941754e-16,0.0,0.17041695537045598,0.167541962582618,2.3497919901274145,4.626084002666175,0.2597499988041818,0.17216696869581938
3,duplicate,3,7,5.233609862253888e+297,0.00042873910618908924,ok,8.243013489486452e-16,1.1102230246251565e-16,0.00042873910618908934,reference,0.0,-1.0842021724855044e-19,0.00042873910618908924,binding_ok,0.0,0.0004287345410718997,4.565117189543437e-09,0.0,8.243013489486452e-16,0.0,0.1603750279173255,0.15641702339053154,2.3488749866373837,4.351417010184377,0.22245798027142882,0.16554200556129217
3,duplicate,4,7,5.861138981191002e+297,0.0018511730692849426,ok,2.15789395100821e-16,0.0,0.0018511730692849426,reference,2.15789395100821e-16,0.0,0.0018511730692849426,binding_ok,2.15789395100821e-16,0.0018511725284373183,5.4084762428179e-10,0.0,2.15789395100821e-16,0.0,0.1650420017540455,0.1573750050738454,2.2200830280780792,4.440957971382886,0.25287503376603127,0.6013750098645687
3,duplicate,5,7,1.3946489638927948e+16,0.004415718262715965,ok,6.089006969387994e-16,0.0,0.004415718262715966,reference,2.029668989795998e-16,-8.673617379884035e-19,0.004415718262715965,binding_ok,6.089006969387994e-16,0.00441571729282862,9.698873449162648e-10,0.0,6.089006969387994e-16,0.0,0.19937497563660145,0.161041971296072,2.3048330331221223,4.520916962064803,0.2274590078741312,0.16729201888665557
3,duplicate,6,7,3.361605304309281e+297,0.01124240891072964,ok,0.0,0.0,0.011242408910729642,reference,3.3716687398534214e-16,-1.734723475976807e-18,0.01124240891072964,binding_ok,0.0,0.011242407553112477,1.3576171627865952e-09,0.0,0.0,0.0,0.28325000312179327,0.31329202465713024,2.213916042819619,4.190791980363429,0.23087498266249895,0.16908301040530205
3,duplicate,7,7,1.0574833768564073e+298,0.0020450990252949127,ok,1.7212334924335362e-16,0.0,0.0020450990252949127,reference,1.7212334924335362e-16,0.0,0.0020450990252949127,binding_ok,1.7212334924335362e-16,0.0020450989381702585,8.712465427926364e-11,0.0,1.7212334924335362e-16,0.0,0.19558402709662914,0.16437500016763806,2.392499998677522,4.729959007818252,0.25808403734117746,0.17449998995289207
3,duplicate,8,7,1.982313166999788e+16,0.0065962889149596155,ok,2.2660796588263543e-16,0.0,0.006596288914959617,reference,5.665199147065886e-16,-1.734723475976807e-18,0.0065962889149596155,binding_ok,2.2660796588263543e-16,0.0065962834812241826,5.433735432956721e-09,0.0,2.2660796588263543e-16,0.0,0.16245798906311393,0.15420897398144007,3.0728339916095138,4.209458013065159,0.25812495732679963,0.18574995920062065
3,duplicate,9,7,7387024148808894.0,0.004516742365551241,ok,2.151317437147803e-16,0.0,0.0045167423655512445,reference,2.151317437147803e-16,-3.469446951953614e-18,0.010556003621724687,slack,0.0,0.010556003578629175,4.309551153436342e-11,0.0,2.151317437147803e-16,0.0,0.16166700515896082,0.010457995813339949,2.6034170296043158,4.569125012494624,0.23937498917803168,0.01025001984089613
3,duplicate,10,7,1.0296660350002426e+16,0.006973098056823905,ok,0.0,0.0,0.006973098056823906,reference,3.496776249150536e-16,-1.734723475976807e-18,0.01004340693213546,slack,0.0,0.010043406900906562,3.122889793982786e-11,0.0,0.0,0.0,0.15491701196879148,0.010165967978537083,2.4328749859705567,4.966917040292174,0.22549997083842754,0.010334013495594263
3,duplicate,11,7,1.077247305577941e+17,0.0063464481231560906,ok,0.0,0.0,0.0063464481231560845,reference,1.8209798001931211e-16,6.071532165918825e-18,0.0063464481231560906,binding_ok,0.0,0.006346447387078181,7.360779095619274e-10,0.0,0.0,0.0,0.16774999676272273,0.15795801300555468,2.29554099496454,6.536375032737851,0.269667012616992,0.1735830446705222
3,duplicate,12,7,1.9834889269119123e+297,0.007397072204440771,ok,0.0,0.0,0.007397072204440772,reference,1.4409983121811138e-16,-8.673617379884035e-19,0.007397072204440771,binding_ok,0.0,0.007397072009273361,1.951674100109102e-10,0.0,0.0,0.0,0.18041703151538968,0.1562919933348894,2.6607089675962925,4.4053749879822135,0.26587501633912325,0.16904098447412252
3,duplicate,13,7,4.620905845097613e+297,-0.0010820570084454613,ok,1.528606397455191e-16,0.0,-0.0010820570084454587,reference,6.114425589820764e-16,-2.6020852139652106e-18,-0.0010820570084454613,binding_ok,1.528606397455191e-16,-0.0010820573085305115,3.0008505012488196e-10,0.0,1.528606397455191e-16,0.0,0.16237498493865132,0.15224999515339732,2.486499957740307,4.16366703575477,0.24525000480934978,0.1717500272206962
3,duplicate,14,7,1.0587317043508342e+16,0.008001952159435418,ok,3.0594637558251805e-16,0.0,0.008001952159435416,reference,0.0,1.734723475976807e-18,0.008001952159435418,binding_ok,0.0,0.008001949546386944,2.6130484737790782e-09,0.0,3.0594637558251805e-16,0.0,0.16604101983830333,0.15895796241238713,2.955665986519307,4.267041978891939,0.26145903393626213,0.17449998995289207
3,duplicate,15,7,7061190367507083.0,0.004320124500499381,ok,1.2596825268133563e-16,0.0,0.004320124500499383,reference,0.0,-1.734723475976807e-18,0.006117560719200778,slack,0.0,0.006117560666408859,5.2791919273598165e-11,0.0,1.2596825268133563e-16,0.0,0.16516598407179117,0.011333031579852104,3.40458401478827,4.997917043510824,0.28841698076575994,0.013166980352252722
3,duplicate,16,7,9.419911292669957e+297,0.005894895244693769,ok,1.7594310732929655e-16,0.0,0.005894895244693771,reference,3.518862146585931e-16,-1.734723475976807e-18,0.005894895244693769,binding_ok,1.7594310732929655e-16,0.005894893210287171,2.03440659804488e-09,0.0,1.7594310732929655e-16,0.0,0.1640000264160335,0.15583401545882225,2.8783330344595015,4.096749995369464,0.2543749869801104,0.16783404862508178
3,duplicate,17,7,8.361649157775983e+297,0.006865885956196855,ok,1.5591762158955686e-16,0.0,0.0068658859561968565,reference,1.5591762158955686e-16,-1.734723475976807e-18,0.007086950790986504,slack,0.0,0.007086950530937141,2.6004936225232367e-10,0.0,1.5591762158955686e-16,0.0,0.16304099699482322,0.010249961633235216,2.933792013209313,6.105582986492664,0.523083028383553,0.012249976862221956
3,duplicate,18,7,2.6081785065662308e+16,0.007885515775287235,ok,2.661590732274967e-16,0.0,0.007885515775287235,reference,0.0,0.0,0.007885515775287235,binding_ok,2.661590732274967e-16,0.007885514834282245,9.410049892077943e-10,0.0,2.661590732274967e-16,0.0,0.1765830093063414,0.16133399913087487,2.7648750110529363,4.868249990977347,0.2529170014895499,0.17029198352247477
3,duplicate,19,7,8742515938356723.0,0.0014276495847511546,ok,3.4252582129679033e-16,0.0,0.001427649584751156,reference,1.027577463890371e-15,-1.3010426069826053e-18,0.0014276495847511546,binding_ok,3.4252582129679033e-16,0.0014276486865597827,8.981913719730006e-10,0.0,3.4252582129679033e-16,0.0,0.16325002070516348,0.15920901205390692,2.5595829938538373,5.1250000251457095,0.23566599702462554,0.16850000247359276
3,duplicate,20,7,2.4628373643028652e+16,0.005217271837037383,ok,1.347492883623597e-16,0.0,0.005217271837037384,reference,2.694985767247194e-16,-8.673617379884035e-19,0.005217271837037383,binding_ok,0.0,0.005217270432619039,1.4044183437728064e-09,0.0,1.347492883623597e-16,0.0,0.16537494957447052,0.15587499365210533,2.487041987478733,47.806042013689876,0.2696249866858125,0.1693330123089254
3,zero_variance,1,7,4.5699452551813867e+297,0.0016385435372725768,ok,0.0,0.0,0.0016385435372725785,reference,1.6010092406824916e-15,-1.734723475976807e-18,0.002000866632630025,slack,0.0,0.002000866409399182,2.232308430986929e-10,0.0,0.0,0.0,0.24220900377258658,0.012167030945420265,2.2087919642217457,4.9827079637907445,0.25983399245887995,0.010583025868982077
3,zero_variance,2,7,6.331819603520104e+297,0.00317671211223156,ok,1.5411095531658214e-16,0.0,0.0031767121122315604,reference,1.5411095531658214e-16,-4.336808689942018e-19,0.004392892652445021,slack,0.0,0.004392892620276022,3.2168999235249185e-11,0.0,1.5411095531658214e-16,0.0,0.1800829777494073,0.009457988198846579,2.2443329798989,4.328000009991229,0.29670901130884886,0.013042008504271507
3,zero_variance,3,7,4.960677024271601e+297,0.004015635447126303,ok,1.9749120942533624e-16,0.0,0.004015635447126307,reference,7.504665958162777e-15,-4.336808689942018e-18,0.004015635447126303,binding_ok,0.0,0.004015633049785516,2.3973407868235763e-09,0.0,1.9749120942533624e-16,0.0,0.1912089646793902,0.1740420120768249,2.481458999682218,4.1397500317543745,0.5976670072413981,0.21883397130295634
3,zero_variance,4,7,4.5186241914622534e+297,0.006403711273618762,ok,0.0,0.0,0.0064037112736187625,reference,2.5931666667019766e-16,-8.673617379884035e-19,0.006403711273618762,binding_ok,0.0,0.006403710934394973,3.392237888158456e-10,0.0,0.0,0.0,0.23029197473078966,0.18595799338072538,2.191333973314613,4.223541996907443,0.3178329789079726,0.18841598648577929
3,zero_variance,5,7,6.580344095965064e+297,0.009855930764587644,ok,5.56467247208425e-16,0.0,0.00985593076459015,reference,4.592245957587527e-12,-2.5066754227864863e-15,0.009855930764587644,binding_ok,0.0,0.009855929299160373,1.4654272708497507e-09,0.0,5.56467247208425e-16,0.0,0.18074997933581471,0.1829170505516231,2.4052500375546515,34.00895796949044,0.33895805245265365,0.19604095723479986
3,zero_variance,6,7,1.5470401262453313e+297,0.004339072358528905,ok,0.0,0.0,0.004339072358528906,reference,0.0,-8.673617379884035e-19,0.004339072358528905,binding_ok,0.0,0.004339071217100013,1.1414288915087556e-09,0.0,0.0,0.0,0.18512498354539275,0.17416698392480612,2.7713750023394823,4.831083002500236,0.26470900047570467,0.18095900304615498
3,zero_variance,7,7,3.324091754871389e+297,0.0059148358742740935,ok,0.0,0.0,0.005914835874274094,reference,0.0,-8.673617379884035e-19,0.0059148358742740935,binding_ok,0.0,0.005914835537021776,3.3725231721876137e-10,0.0,0.0,0.0,0.1788749941624701,0.17049995949491858,2.1914999815635383,4.3851250084117055,0.489042024128139,0.2387920394539833
3,zero_variance,8,7,4.6996881358884e+297,0.008327621579817202,ok,2.038054682495389e-16,0.0,0.008327621579817205,reference,2.853276555493545e-15,-3.469446951953614e-18,0.010307071165909874,slack,0.0,0.010307071093158043,7.275183060151402e-11,0.0,2.038054682495389e-16,0.0,0.18554198322817683,0.010083953384310007,2.339750004466623,45.67808395950124,0.2691670088097453,0.010500021744519472
3,zero_variance,9,7,4.523954624571133e+297,0.008455815355343928,ok,3.349249007009503e-16,0.0,0.008455815355343939,reference,8.373122517523757e-15,-1.0408340855860843e-17,0.008455815355343928,binding_ok,3.349249007009503e-16,0.008455814077647185,1.2776967435457198e-09,0.0,3.349249007009503e-16,0.0,0.17654203111305833,0.1746669877320528,2.6447499985806644,23.776749963872135,0.2642920007929206,0.18162495689466596
3,zero_variance,10,7,1.2244401208712486e+297,0.008583543593264704,ok,1.166608634490717e-16,0.0,0.008583543593264723,reference,6.0663648993517284e-15,-1.9081958235744878e-17,0.008583543593264704,binding_ok,0.0,0.008583543098742374,4.945223293362222e-10,0.0,1.166608634490717e-16,0.0,0.1783330226317048,0.1712499652057886,2.117375028319657,5.846374959219247,0.2755839959718287,0.18333294428884983
3,zero_variance,11,7,4.194270869300419e+297,0.007116174754728028,ok,3.96078547915213e-16,0.0,0.007116174754728047,reference,2.158628086137911e-14,-1.9081958235744878e-17,0.007116174754728028,binding_ok,0.0,0.007116174715697255,3.903077253758491e-11,0.0,3.96078547915213e-16,0.0,0.17570803174749017,0.17037498764693737,2.156583999749273,6.654791999608278,0.25666598230600357,0.18387503223493695
3,zero_variance,12,7,6.215123190992987e+297,0.0076168762516299025,ok,1.6582113544175475e-16,0.0,0.007616876251629904,reference,1.6582113544175475e-16,-1.734723475976807e-18,0.007873071896074432,slack,0.0,0.00787307185304737,4.3027062815448325e-11,0.0,1.6582113544175475e-16,0.0,0.17383403610438108,0.009916955605149269,2.504125004634261,4.266290983650833,0.29075000202283263,0.010207993909716606
3,zero_variance,13,7,2.596355544763308e+297,0.0038776489130688714,ok,1.2129141657014264e-15,0.0,0.0038776489130688714,reference,1.415066526651664e-15,0.0,0.003939366109206478,slack,0.0,0.0039393658998908895,2.0931558829956343e-10,0.0,1.2129141657014264e-15,0.0,0.17725001089274883,0.009374984074383974,2.1900420542806387,5.820000020321459,0.2437079674564302,0.009583018254488707
3,zero_variance,14,7,4.264081564897021e+297,0.005994616787840423,ok,2.1332588050367145e-16,0.0,0.0059946167878404235,reference,4.266517610073429e-16,-8.673617379884035e-19,0.007265806551760394,slack,0.0,0.007265806369690238,1.8207015582694108e-10,0.0,2.1332588050367145e-16,0.0,0.17504201969131827,0.009540992323309183,2.0050000166520476,5.02066605258733,0.28916698647663,0.010707997716963291
3,zero_variance,15,7,2.7424689849896946e+297,0.005738699234026878,ok,1.7580106582566962e-16,0.0,0.005738699234026879,reference,2.285413855733705e-15,-1.734723475976807e-18,0.005738699234026878,binding_ok,1.7580106582566962e-16,0.005738698952730846,2.812960316067592e-10,0.0,1.7580106582566962e-16,0.0,0.19212503684684634,0.17908302834257483,2.485874982085079,8.370499999728054,0.27491600485518575,0.1840839977376163
3,zero_variance,16,7,3.0357582247126713e+297,0.0087278921864557,ok,7.150943422932117e-15,1.1102230246251565e-16,0.0087278921864557,reference,2.145283026879635e-14,0.0,0.008921445855605375,slack,0.0,0.008921445435685675,4.1991969970678333e-10,0.0,7.150943422932117e-15,0.0,0.17974997172132134,0.009874987881630659,2.3070420138537884,6.127334025222808,0.27129100635647774,0.0112500274553895
3,zero_variance,17,7,2.1522660083213703e+297,0.010417890368000978,ok,2.679421597406146e-16,0.0,0.010417890368000999,reference,8.574149111699668e-15,-2.0816681711721685e-17,0.010417890368000978,binding_ok,2.679421597406146e-16,0.010417887130365643,3.237635335176514e-09,0.0,2.679421597406146e-16,0.0,0.17654197290539742,0.16987498383969069,2.337167039513588,4.69708297168836,0.2773340092971921,0.18270901637151837
3,zero_variance,18,7,1.583743457505598e+297,0.007993869661580257,ok,6.125209672672923e-16,0.0,0.007993869661580257,reference,0.0,0.0,0.008171384742266682,slack,0.0,0.008171384700969658,4.129702482758013e-11,0.0,6.125209672672923e-16,0.0,0.1734169782139361,0.009957992006093264,2.457291993778199,6.13229104783386,0.2899579703807831,0.011832977179437876
3,zero_variance,19,7,4.9443296414135637e+297,0.005965504879144686,ok,2.069561462223449e-16,0.0,0.005965504879144687,reference,1.862605316001104e-15,-8.673617379884035e-19,0.005965504879144686,binding_ok,0.0,0.00596550485022214,2.892254578196196e-11,0.0,2.069561462223449e-16,0.0,0.19754201639443636,0.18375000217929482,2.629291033372283,5.232499970588833,0.3172090509906411,0.19941601203754544
3,zero_variance,20,7,3.169250933708797e+297,0.010711317118641038,ok,1.7179499051290357e-16,0.0,0.01071131711864104,reference,6.871799620516143e-16,-1.734723475976807e-18,0.010928653098045889,slack,0.0,0.010928652886318198,2.1172769093524835e-10,0.0,1.7179499051290357e-16,0.0,0.21466700127348304,0.010791991371661425,2.437999995891005,5.274417053442448,0.2817499917000532,0.010124989785254002
3,tied_means,1,7,11.78003527445539,0.011174732256169788,ok,1.5875909725422861e-16,0.0,0.011174732258176322,reference,3.2844732952253557e-10,-2.006533827980661e-12,0.011174732256169788,binding_ok,0.0,0.011174732038718571,2.174512167552045e-10,0.0,1.5875909725422861e-16,0.0,0.2579169813543558,0.27174997376278043,2.565916976891458,29.51216697692871,0.41450001299381256,0.31979201594367623
3,tied_means,2,7,1098.533053872647,0.0052409260210720225,ok,2.839715036183102e-16,0.0,0.005240926021072038,reference,6.446153132135642e-14,-1.5612511283791264e-17,0.0052409260210720225,binding_ok,2.839715036183102e-16,0.005240925681244442,3.39827580138341e-10,0.0,2.839715036183102e-16,0.0,0.23354199947789311,0.26720797177404165,2.579791995231062,299.61804096819833,0.5636669811792672,0.3196249599568546
3,tied_means,3,7,31946.42939143812,0.011750297460165543,degenerate_face,1.4830720950661027e-16,0.0,0.011750297460165541,reference,2.9661441901322054e-16,1.734723475976807e-18,0.011750297460165543,slack,0.0,0.011750297446800994,1.3364549050765007e-11,0.0,1.4830720950661027e-16,0.0,0.24095794651657343,0.05720800254493952,2.603291010018438,4.222332965582609,0.374249997548759,0.05783402593806386
3,tied_means,4,7,14.889340916889791,0.014193039401941204,degenerate_face,1.9675329204145405e-16,0.0,0.014193039401941207,reference,1.9675329204145405e-16,-3.469446951953614e-18,0.014193039401941204,slack,0.0,0.014193038432935486,9.690057176797717e-10,0.0,1.9675329204145405e-16,0.0,0.23924995912238955,0.055957993026822805,1.9634170457720757,4.545375006273389,0.44908298877999187,0.05937495734542608
3,tied_means,5,7,113.2120687078521,0.008727993096338024,degenerate_face,0.0,0.0,0.008727993096338026,reference,8.706212075735256e-16,-1.734723475976807e-18,0.008727993096338024,slack,0.0,0.008727993081954957,1.4383067653556125e-11,0.0,0.0,0.0,0.2382500097155571,0.05616695852950215,2.1404579747468233,16.44033403135836,0.4207500023767352,0.06400002166628838
3,tied_means,6,7,121.91169547225996,0.011904638679368088,ok,5.252580328425685e-16,0.0,0.011904638679368092,reference,5.952924372215777e-15,-3.469446951953614e-18,0.011904638679368088,binding_ok,5.252580328425685e-16,0.01190463785100837,8.283597176250712e-10,0.0,5.252580328425685e-16,0.0,0.3256670315749943,0.3180000348947942,2.365708991419524,13.47262499621138,0.36208401434123516,0.30762498499825597
3,tied_means,7,7,17.99468809973911,0.00444271050223948,ok,0.0,0.0,0.004442710502239726,reference,8.705051907568448e-15,-2.463307335887066e-16,0.00444271050223948,binding_ok,0.0,0.004442710217476101,2.8476337867594514e-10,0.0,0.0,0.0,0.2185420016758144,0.26133400388062,2.5509580154903233,10.327582946047187,0.37283299025148153,0.4073340096510947
3,tied_means,8,7,207.81043481949865,0.009563536670642435,ok,1.9339520733356785e-16,0.0,0.009563536670642445,reference,9.669760366678393e-15,-1.0408340855860843e-17,0.009563536670642435,binding_ok,0.0,0.00956353486899561,1.801646824783898e-09,0.0,1.9339520733356785e-16,0.0,0.27254194719716907,0.3702500252984464,2.9036669875495136,30.744540970772505,0.5382089875638485,0.37191598676145077
3,tied_means,9,7,3.4500551942230624,0.005640102975370229,ok,2.1767455484367618e-16,0.0,0.0056401029753702855,reference,6.094887535622933e-15,-5.637851296924623e-17,0.005640102975370229,binding_ok,0.0,0.005640101510781954,1.4645882753100414e-09,0.0,2.1767455484367618e-16,0.0,0.287041999399662,0.31649996526539326,3.133416990749538,16.06729201739654,0.391624984331429,0.30704098753631115
3,tied_means,10,7,34.886493754980194,0.010055085813289249,ok,0.0,0.0,0.010055085813289252,reference,8.37454935295927e-15,-3.469446951953614e-18,0.010055085813289249,binding_ok,0.0,0.01005508511114207,7.02147178940904e-10,0.0,0.0,0.0,0.2310419804416597,0.26520900428295135,2.872499986551702,13.240290980320424,0.4408329841680825,0.3238749923184514
3,tied_means,11,7,24.873911511596123,0.00809188963081779,ok,6.04251514468285e-16,0.0,0.008091889630817795,reference,5.639680801703993e-15,-5.204170427930421e-18,0.00809188963081779,binding_ok,6.04251514468285e-16,0.008091888679290983,9.515268069998362e-10,0.0,6.04251514468285e-16,0.0,0.304749992210418,0.35920797381550074,2.425166021566838,6.965291977394372,0.4641249543055892,0.42162497993558645
3,tied_means,12,7,86.75130619588263,0.016485331144284184,degenerate_face,1.1374765165040447e-16,0.0,0.016485331144284188,reference,2.2749530330080895e-16,-3.469446951953614e-18,0.016485331144284184,slack,0.0,0.01648533113095319,1.3330992559845711e-11,0.0,1.1374765165040447e-16,0.0,0.2383329556323588,0.05949998740106821,2.5057500461116433,6.525792006868869,0.3772919881157577,0.09108299855142832
3,tied_means,13,7,117.4031550210773,0.011221053497670533,ok,1.1761782551305597e-15,0.0,0.011221053497670542,reference,9.997515168609757e-15,-8.673617379884035e-18,0.011221053497670533,binding_ok,1.1761782551305597e-15,0.011221053151576184,3.4609434935994887e-10,0.0,1.1761782551305597e-15,0.0,0.24341698735952377,0.27066702023148537,2.6539580430835485,51.252290955744684,0.3780829720199108,0.3078749869018793
3,tied_means,14,7,3326.9003984453225,0.006288530222682267,ok,0.0,0.0,0.006288530222682297,reference,4.691542060928352e-15,-2.949029909160572e-17,0.006288530222682267,binding_ok,0.0,0.006288530007787542,2.148947252783584e-10,0.0,0.0,0.0,0.2275420119985938,0.26883301325142384,2.2758329869247973,7.079999952111393,0.4099580110050738,0.31058298191055655
3,tied_means,15,7,1305.2843670320533,0.008943576599884687,ok,1.6038940305336373e-16,0.0,0.008943576599884689,reference,6.415576122134549e-16,-1.734723475976807e-18,0.008943576599884687,binding_ok,1.6038940305336373e-16,0.00894357622996831,3.6991637704375524e-10,0.0,1.6038940305336373e-16,0.0,0.4779159789904952,0.3162080538459122,2.6983750285580754,12.1548330062069,0.3657920169644058,0.3089589881710708
3,tied_means,16,7,33.63043516765214,0.013024275729274684,degenerate_face,2.334439987046392e-16,0.0,0.013024275729274688,reference,2.334439987046392e-16,-3.469446951953614e-18,0.013024275729274684,slack,0.0,0.013024275441616991,2.876576928045882e-10,0.0,2.334439987046392e-16,0.0,0.2276250161230564,0.053499999921768904,2.368749992456287,4.924834007397294,0.4000000189989805,0.05712499842047691
3,tied_means,17,7,10.965717828021868,0.010101253473730126,ok,1.3393783723111361e-16,0.0,0.010101253473730138,reference,9.911399955102408e-15,-1.214306433183765e-17,0.010101253473730126,binding_ok,0.0,0.010101251922853889,1.5508762364613293e-09,0.0,1.3393783723111361e-16,0.0,0.2429999876767397,0.37104199873283505,2.144875004887581,6.5916250459849834,0.4184580175206065,0.3369160112924874
3,tied_means,18,7,22207.45832016011,0.012727252770241518,degenerate_face,1.3356567991931527e-16,0.0,0.012727252770241521,reference,0.0,-3.469446951953614e-18,0.01272725277024152,slack,0.0,0.012727252763573295,6.668224999950567e-12,0.0,1.3356567991931527e-16,0.0,0.3404580056667328,0.061166007071733475,2.510625054128468,4.6081249602139,0.3304170095361769,0.053374969866126776
3,tied_means,19,7,353.84844527645623,0.013514155347987455,degenerate_face,0.0,0.0,0.013514155347987455,reference,3.6053537462425035e-16,0.0,0.013514155347987455,slack,0.0,0.01351415496569521,3.8229224473551593e-10,0.0,0.0,0.0,0.2271659905090928,0.05583401070907712,2.311083022505045,6.938749982509762,1.7327500390820205,0.10033295257017016
3,tied_means,20,7,1333.8599215026231,0.00656021360190327,ok,4.028994592734454e-16,0.0,0.0065602136019032725,reference,8.057989185468908e-15,-2.6020852139652106e-18,0.00656021360190327,binding_ok,0.0,0.006560213595106125,6.7971453118764735e-12,0.0,4.028994592734454e-16,0.0,1.8052500090561807,0.8599160355515778,2.4052499793469906,29.01087497593835,1.5364169958047569,0.7645000005140901
3,boundary,1,7,28.203954585295076,0.016527346181049563,ok,0.0,0.0,0.016527346181049563,reference,0.0,0.0,0.016527346181049563,slack,0.0,0.016527345197922223,9.83127339954093e-10,0.0,0.0,0.0,0.7527080015279353,0.017042038962244987,5.057749978732318,9.098791982978582,0.3564999788068235,0.028332986403256655
3,boundary,2,7,24.622682110557886,0.013462949932748852,ok,2.6684518913283924e-16,0.0,0.006632543347221852,reference,1.3342259456641962e-16,0.006830406585527,0.013462949932748852,slack,2.6684518913283924e-16,0.013462949757237897,1.755109547280087e-10,0.0,2.6684518913283924e-16,0.0,0.27250003768131137,0.012500036973506212,2.962541999295354,4.653166979551315,0.12091599637642503,0.012125005014240742
3,boundary,3,7,159.84796367700847,0.008153133382435868,ok,2.9320605401872163e-16,0.0,0.008153133382435868,reference,2.9320605401872163e-16,0.0,0.008153133382435868,slack,2.9320605401872163e-16,0.008153131512179505,1.8702563629735547e-09,0.0,2.9320605401872163e-16,0.0,0.28662499971687794,0.01133297337219119,2.8312919894233346,5.256249976810068,0.11608301429077983,0.010832969564944506
3,boundary,4,7,20.969292869237464,0.006110090364362554,ok,2.9978661109743357e-16,0.0,0.006110090364362551,reference,0.0,3.469446951953614e-18,0.006110090364362554,slack,2.9978661109743357e-16,0.006110089818569064,5.457934902641792e-10,0.0,2.9978661109743357e-16,0.0,0.24304201360791922,0.010707997716963291,2.547500014770776,5.735290993470699,0.11787499533966184,0.011208001524209976
3,boundary,5,7,50.04597880555777,0.008291925742431776,ok,2.203877842055736e-16,0.0,0.008291925742431776,reference,2.203877842055736e-16,0.0,0.008291925742431776,slack,2.203877842055736e-16,0.008291923729710422,2.0127213541665245e-09,0.0,2.203877842055736e-16,0.0,0.240666966419667,0.010750023648142815,3.0753330211155117,7.136624946724623,0.14050002209842205,0.017084006685763597
3,boundary,6,7,4.930199239965554,0.007394300831278224,ok,3.214490270689006e-16,0.0,0.007394300831278224,reference,3.214490270689006e-16,0.0,0.007394300831278224,slack,3.214490270689006e-16,0.007394299178255764,1.6530224593649945e-09,0.0,3.214490270689006e-16,0.0,0.31037500593811274,0.014458026271313429,2.5327500188723207,6.039415951818228,0.15004200395196676,0.01529202563688159
3,boundary,7,7,72.35221549242081,0.008348826679292357,ok,1.233510398784964e-16,0.0,0.008348826679292357,reference,2.467020797569928e-16,0.0,0.008348826679292357,slack,1.233510398784964e-16,0.008348826176477192,5.028151645047885e-10,0.0,1.233510398784964e-16,0.0,0.2627500216476619,0.011499971151351929,2.8228749870322645,4.787500016391277,0.12812501518055797,0.012790958862751722
3,boundary,8,7,38.09365961787008,0.006130816958248288,ok,1.9621485901579724e-16,0.0,0.006130816958248288,reference,1.9621485901579724e-16,0.0,0.006130816958248288,slack,1.9621485901579724e-16,0.006130816171563742,7.866845456311333e-10,0.0,1.9621485901579724e-16,0.0,0.30337501084432006,0.014208024367690086,2.6827920228242874,5.598750023636967,0.11800002539530396,0.01266703475266695
3,boundary,9,7,27.028568108018053,0.009096779262145221,ok,1.5677998794451982e-16,0.0,0.009096779262145221,reference,1.5677998794451982e-16,0.0,0.009096779262145221,slack,1.5677998794451982e-16,0.009096779193821899,6.83233226939084e-11,0.0,1.5677998794451982e-16,0.0,0.3167499671690166,0.011916039511561394,2.217707980889827,5.95808302750811,0.11995801469311118,0.010707997716963291
3,boundary,10,7,10.407453021197698,0.012222095721497078,ok,0.0,0.0,0.012222095721497078,reference,0.0,0.0,0.012222095721497078,slack,0.0,0.012222095663909782,5.7587296042882485e-11,0.0,0.0,0.0,0.23458298528566957,0.010124989785254002,2.182041003834456,5.308624997269362,0.12162496568635106,0.010707997716963291
3,boundary,11,7,2561.2079780305094,0.004154446828653748,ok,5.932497845340946e-16,0.0,0.004154446828653748,reference,5.932497845340946e-16,0.0,0.004154446828653748,slack,0.0,0.004154446430860484,3.977932644741444e-10,0.0,5.932497845340946e-16,0.0,0.2524580340832472,0.011459051165729761,2.995625021867454,6.016708037350327,0.11295895092189312,0.01133297337219119
3,boundary,12,7,133.6317582556931,0.0067450736565758,ok,0.0,0.0,0.0067450736565758,reference,0.0,0.0,0.0067450736565758,slack,0.0,0.006745073572077006,8.449879337901756e-11,0.0,0.0,0.0,0.23962499108165503,0.010500021744519472,2.58883397327736,5.467957991641015,0.14008302241563797,0.012458011042326689
3,boundary,13,7,68.15875080130145,0.0038384326381529243,ok,4.210597750242069e-16,0.0,0.003838432638152906,reference,2.6667119084866437e-15,1.8214596497756474e-17,0.0038384326381529243,slack,4.210597750242069e-16,0.0038384274478942063,5.190258718038715e-09,0.0,4.210597750242069e-16,0.0,0.23929198505356908,0.011167023330926895,2.5343329762108624,4.951624956447631,0.13920897617936134,0.013042008504271507
3,boundary,14,7,5.789057650485246,0.004263651101749224,ok,1.7595854994338912e-16,0.0,0.004263651101749224,reference,1.7595854994338912e-16,0.0,0.004263651101749224,slack,1.7595854994338912e-16,0.0042636509724294155,1.2931980833408296e-10,0.0,1.7595854994338912e-16,0.0,0.27420901460573077,0.011666968930512667,3.114874998573214,5.370833037886769,0.11987501056864858,0.012832984793931246
3,boundary,15,7,36.85204926431027,0.010190345893889043,ok,2.2367290537422123e-16,0.0,0.010190345893889044,reference,2.2367290537422123e-16,-1.734723475976807e-18,0.010190345893889043,slack,2.2367290537422123e-16,0.010190345381995957,5.11893085211601e-10,0.0,2.2367290537422123e-16,0.0,0.32895797630771995,0.010500021744519472,2.7757500065490603,5.451000004541129,0.11229200754314661,0.010416028089821339
3,boundary,16,7,44.404812519229196,0.004417109101693645,ok,5.071486758418062e-16,0.0,0.004417109101693644,reference,1.6904955861393538e-16,8.673617379884035e-19,0.004417109101693645,slack,5.071486758418062e-16,0.004417108886850171,2.148434737406224e-10,0.0,5.071486758418062e-16,0.0,0.2211660030297935,0.010624993592500687,2.7438749675638974,5.535041040275246,0.11933298083022237,0.01229200279340148
3,boundary,17,7,154.02827070936502,0.00928370644759193,ok,0.0,0.0,0.00928370644759193,reference,0.0,0.0,0.00928370644759193,slack,0.0,0.00928370627470285,1.7288907978862955e-10,0.0,0.0,0.0,0.2376670017838478,0.011541997082531452,2.8025410138070583,4.924167005810887,0.11829199502244592,0.01233298098668456
3,boundary,18,7,35.68991818751691,0.006693541826989934,ok,0.0,0.0,0.006693541826989934,reference,0.0,0.0,0.006693541826989934,slack,0.0,0.0066935385921956855,3.2347942484356462e-09,0.0,0.0,0.0,0.42641599429771304,0.014207966160029173,2.1963330218568444,6.350082985591143,0.1212910283356905,0.0112500274553895
3,boundary,19,7,58.98607540419662,0.0053343917952698395,ok,2.728830027853819e-16,0.0,0.0053343917952698395,reference,2.728830027853819e-16,0.0,0.0053343917952698395,slack,2.728830027853819e-16,0.005334384692961461,7.102308378567623e-09,0.0,2.728830027853819e-16,0.0,0.24337496142834425,0.010750023648142815,2.148958039470017,5.705000017769635,0.12358301319181919,0.011500029359012842
3,boundary,20,7,11.220721832545197,0.004171767302326275,ok,1.2096424630395959e-16,0.0,0.004171767302326275,reference,1.2096424630395959e-16,0.0,0.004171767302326275,slack,1.2096424630395959e-16,0.004171767081370968,2.2095530700233512e-10,0.0,1.2096424630395959e-16,0.0,0.24020898854359984,0.009957992006093264,2.2902920027263463,8.390250033698976,0.11608301429077983,0.011917029041796923
4,random,1,15,17.880813394863033,0.009253641718596089,ok,1.5245310723415363e-16,0.0,0.009253641718596111,reference,9.147186434049218e-15,-2.2551405187698492e-17,0.009253641718596089,binding_ok,1.5245310723415363e-16,0.009253641515715214,2.0288087529407584e-10,0.0,1.5245310723415363e-16,0.0,0.7783340406604111,0.625500048045069,2.513208019081503,10.35587495425716,0.149125000461936,0.09829096961766481
4,random,2,15,48.01054729083736,0.0036054173767240388,ok,4.307725000554254e-16,2.220446049250313e-16,0.0036054173767240552,reference,1.5507810001995315e-14,-1.6479873021779667e-17,0.0036054173767240388,binding_ok,4.307725000554254e-16,0.003605414463105988,2.913618050819078e-09,-4.336808689942018e-19,7.179541667590424e-16,-4.336808689942018e-19,0.46041602035984397,0.4176250076852739,2.2301250137388706,22.739875013940036,0.161083007697016,0.10012503480538726
4,random,3,15,474.91993444279615,0.007558377646048869,ok,0.0,0.0,0.007558377646048874,reference,8.820735875354443e-15,-5.204170427930421e-18,0.007558377646048869,binding_ok,0.0,0.007558377586033862,6.001500685304251e-11,-1.3010426069826053e-17,2.5989668204169343e-14,-1.3010426069826053e-17,0.6408749613910913,0.47687499318271875,2.570040989667177,6.261583010200411,0.12575002619996667,0.09162502828985453
4,random,4,15,19.9438739876545,0.007244406207835256,ok,4.1798950875232354e-16,0.0,0.007244406207835273,reference,6.8968268944133386e-15,-1.734723475976807e-17,0.007244406207835256,binding_ok,0.0,0.00724440598672177,2.211134860277686e-10,3.469446951953614e-18,6.269842631284853e-16,3.469446951953614e-18,0.46145805390551686,0.4220829578116536,2.0431249868124723,26.64183301385492,0.282666995190084,0.15841604908928275
4,random,5,15,275.34627452344307,0.005962762433807913,ok,1.6375597696777468e-16,0.0,0.005962762433807913,reference,0.0,0.0,0.005976811659042319,slack,0.0,0.005976810382726148,1.2763161716736193e-09,0.0,4.421411378129916e-15,0.0,0.6654169992543757,0.012584030628204346,4.5961670111864805,7.977291010320187,0.15454198000952601,0.017499958630651236
4,random,6,15,39.61122499419395,0.00825428022332951,ok,4.020435062845482e-16,1.1102230246251565e-16,0.00825428022332956,reference,2.7137936674207e-14,-5.0306980803327406e-17,0.00825428022332951,binding_ok,0.0,0.008254277312896716,2.9104327940732144e-09,-8.673617379884035e-18,5.226565581699126e-15,-8.673617379884035e-18,0.6832499639131129,0.7139999652281404,3.8528330042026937,11.628582957200706,0.1587499864399433,0.09608297841623425
4,random,7,15,297.4023535575401,0.005927081110939355,ok,3.8985745333599416e-16,0.0,0.005927081110978597,reference,6.1683246266821e-11,-3.924204711180934e-14,0.005927081110939355,binding_ok,0.0,0.005927080881109666,2.2982968913426438e-10,-4.336808689942018e-18,7.212362886715892e-15,-4.336808689942018e-18,0.5070830229669809,0.5155410035513341,2.8744160081259906,10.76883403584361,0.14766701497137547,0.09779201354831457
4,random,8,15,23.019862135874664,0.005562039540904078,ok,4.506480691016492e-16,0.0,0.005562039540904111,reference,1.0364905589337931e-14,-3.2959746043559335e-17,0.005562039540904078,binding_ok,0.0,0.005562038894982388,6.459216902662823e-10,2.6020852139652106e-18,4.506480691016492e-16,2.6020852139652106e-18,0.49837498227134347,0.4413750139065087,2.91741598630324,48.84025000501424,0.2524169976823032,0.11237501166760921
4,random,9,15,36.893955261102704,0.006346756073985688,ok,1.2020676642229824e-16,0.0,0.006346756073985717,reference,1.0097368379473052e-14,-2.949029909160572e-17,0.006346756073985688,binding_ok,0.0,0.006346752428025224,3.64596046322635e-09,-8.673617379884035e-19,4.80827065689193e-16,-8.673617379884035e-19,0.496583990752697,0.4182920092716813,2.159374998882413,17.17008400009945,0.17983303405344486,0.1045000390149653
4,random,10,15,11.395393772518434,0.009500731112660598,ok,4.462701534542298e-16,0.0,0.009500731112978288,reference,2.1307912260261295e-11,-3.1769031849648854e-13,0.009500731112660598,binding_ok,4.462701534542298e-16,0.009500730793120193,3.1954040455306476e-10,-3.469446951953614e-18,0.0,-3.469446951953614e-18,0.6882080342620611,0.4820000031031668,2.5447080261074007,58.962583949323744,0.4949579597450793,0.24254200980067253
4,random,11,15,27.060565119016857,0.006335595143299723,ok,0.0,0.0,0.00633559514329977,reference,3.669977006612415e-14,-4.683753385137379e-17,0.006335595143299723,binding_ok,0.0,0.006335595051210308,9.208941508659363e-11,5.204170427930421e-18,4.050476294923401e-15,5.204170427930421e-18,1.006874954327941,0.5997910047881305,2.7521249721758068,9.771124983672053,0.15008397167548537,0.10291702346876264
4,random,12,15,30.601999961464667,0.0084142578976036,ok,1.4379099194722826e-16,0.0,0.008414257897603604,reference,6.758176621519728e-15,-3.469446951953614e-18,0.0084142578976036,binding_ok,1.4379099194722826e-16,0.008414257842772516,5.483108411752369e-11,-5.204170427930421e-18,4.888893726205761e-15,-5.204170427930421e-18,0.49120798939839005,0.44049997813999653,2.550374949350953,7.502499967813492,0.18999999156221747,0.098459015134722
4,random,13,15,129.7029157994714,0.0025487054255752453,ok,1.3644022700239984e-16,0.0,0.002548705425575246,reference,4.775407945083994e-15,-8.673617379884035e-19,0.0025487054255752453,binding_ok,0.0,0.0025486992766687484,6.1489064968195395e-09,1.734723475976807e-18,1.2416060657218385e-14,1.734723475976807e-18,0.6290419842116535,0.4468749975785613,3.2787080272100866,9.430916979908943,0.14695903519168496,0.09762495756149292
4,random,14,15,619.5847835632401,0.0029709875175646795,ok,1.0382273998378447e-15,0.0,0.002970987517564681,reference,5.0180990992162495e-15,-1.3010426069826053e-18,0.0029709875175646795,binding_ok,1.0382273998378447e-15,0.0029709870309419296,4.866227499081277e-10,-2.6020852139652106e-18,8.82493289862168e-15,-2.6020852139652106e-18,0.5432089674286544,0.502374954521656,2.4051659856922925,13.543292006943375,0.2543329610489309,0.21337502403184772
4,random,15,15,7.553112011345968,0.0120074277225501,ok,4.393613440433278e-16,1.1102230246251565e-16,0.012007427722550116,reference,6.810100832671581e-15,-1.5612511283791264e-17,0.0120074277225501,binding_ok,0.0,0.012007426891576889,8.309732121153379e-10,-3.469446951953614e-18,3.0755294083032945e-15,-3.469446951953614e-18,0.6489169900305569,1.2522499891929328,7.281375001184642,25.524666998535395,0.3530419780872762,0.3185830428265035
4,random,16,15,243.3878239362565,0.00713630858246911,ok,4.59428949098421e-16,0.0,0.007136308582469117,reference,8.422864066804383e-15,-6.938893903907228e-18,0.00713630858246911,binding_ok,0.0,0.007136308239505397,3.4296371298481176e-10,3.469446951953614e-18,2.7565736945905254e-15,3.469446951953614e-18,1.416624989360571,1.2398750404827297,6.097082979977131,21.356249984819442,0.7009159890003502,0.3880829899571836
4,random,17,15,50.0193025794943,0.0037829615739949705,ok,2.3618877800985207e-16,0.0,0.003782961573994976,reference,4.605681171192116e-15,-5.637851296924623e-18,0.0037829615739949705,binding_ok,2.3618877800985207e-16,0.0037829602816386474,1.2923563230855806e-09,-4.336808689942018e-19,1.1809438900492603e-16,-4.336808689942018e-19,1.845334016252309,0.9182909852825105,4.5233750133775175,9.210916003212333,0.17987500177696347,0.1039999770000577
4,random,18,15,11.566587066014044,0.010107492909353337,ok,3.4057649716128457e-16,0.0,0.010107492909353371,reference,4.3026164141375616e-14,-3.469446951953614e-17,0.010107492909353337,binding_ok,3.4057649716128457e-16,0.010107492575719945,3.3363339174696804e-10,-5.204170427930421e-18,9.536141920515967e-15,-5.204170427930421e-18,0.5135000101290643,0.5002090474590659,2.8215000056661665,18.888332997448742,0.16941595822572708,0.103541009593755
4,random,19,15,171.03547892240869,0.010598771260888852,ok,1.6356431980518313e-16,0.0,0.010598771260888854,reference,5.888315512986593e-15,-1.734723475976807e-18,0.010598771260888852,binding_ok,0.0,0.01059876738678087,3.874107982332342e-09,5.0306980803327406e-17,1.6814412075972825e-13,5.0306980803327406e-17,0.6539160385727882,0.4545419942587614,2.5237499503418803,6.208708044141531,0.1413749996572733,0.09995902655646205
4,random,20,15,104.49137135540191,0.004810669440358161,ok,0.0,0.0,0.004810669440358161,reference,3.4750373306403145e-16,0.0,0.004810669440358161,binding_ok,0.0,0.004810669292550402,1.4780775822037517e-10,0.0,1.2741803545681153e-15,0.0,0.5283750360831618,0.4431250272318721,4.104833991732448,15.545292000751942,0.3647500416263938,0.1421659835614264
4,near_singular,1,15,116629948.29526153,0.008297985067197632,ok,3.841941075711109e-16,0.0,0.008297985067476716,reference,3.837663074323305e-10,-2.790840475386247e-13,0.008297985067197632,binding_ok,3.841941075711109e-16,0.008297984736885824,3.3031180741993627e-10,0.0,3.841941075711109e-16,0.0,1.0462499922141433,0.44708303175866604,2.677749958820641,38.18620799575001,0.5909170140512288,0.4550839657895267
4,near_singular,2,15,56386529.24813003,0.00603155816740063,ok,1.6800598132855677e-16,0.0,0.006031558167508523,reference,1.1546311870393861e-10,-1.078928613118535e-13,0.00603155816740063,binding_ok,0.0,0.006031557427088291,7.40312339209126e-10,6.938893903907228e-18,6.384227290485157e-15,6.938893903907228e-18,0.9470420191064477,0.6499160081148148,3.216792014427483,24.197416030801833,0.15895895194262266,0.09837502148002386
4,near_singular,3,15,115371823.16422176,0.005426846719679075,ok,2.435748959262189e-16,0.0,0.005426846719679081,reference,1.3518406723905149e-14,-6.071532165918825e-18,0.00596968898073513,slack,0.0,0.005969684430167493,4.550567637116865e-09,0.0,2.435748959262189e-16,0.0,0.5383330280892551,0.013165990822017193,2.471791987773031,20.790165988728404,0.7859579636715353,0.014582998119294643
4,near_singular,4,15,24947538.477298085,0.006833512598331771,ok,0.0,0.0,0.006833512598331804,reference,8.472854282200019e-14,-3.2959746043559335e-17,0.006833512598331771,binding_ok,0.0,0.00683351240562808,1.9270369154555933e-10,1.7356810433355463e-11,4.7672451883622024e-08,1.7356810433355463e-11,0.4852919955737889,0.47566700959578156,3.4090830013155937,9.400209004525095,0.1580420066602528,0.10004197247326374
4,near_singular,5,15,43831586.63766695,0.006212352254609219,ok,2.6785165726176366e-16,0.0,0.006212352254659293,reference,3.083950233631905e-11,-5.0073660495808525e-14,0.006212352254609219,binding_ok,2.6785165726176366e-16,0.006212352189212548,6.539667071758792e-11,-1.734723475976807e-18,8.03554971785291e-16,-1.734723475976807e-18,0.5727499956265092,0.5666250362992287,2.607625036034733,8.749749977141619,0.19350001821294427,0.13133400352671742
4,near_singular,6,15,80964020.6579291,0.001705618818052041,ok,1.086523592367805e-15,0.0,0.0017056188180523126,reference,1.150411179599032e-12,-2.717010644248674e-16,0.001705618818052041,binding_ok,1.086523592367805e-15,0.0017056170591740931,1.7588779478022731e-09,-1.4202311202082818e-13,6.015939882873528e-10,-1.4202311202082818e-13,0.5007089930586517,0.4428749671205878,2.458708011545241,12.588209006935358,0.16312499064952135,0.47979201190173626
4,near_singular,7,15,82012306.81266223,0.009188704881788173,ok,3.6955459564658064e-14,0.0,0.009188704881867484,reference,9.116662951816512e-11,-7.931155732165962e-14,0.009188704881788173,binding_ok,0.0,0.009188702259746323,2.622041849267842e-09,-2.9513891330879005e-13,3.395339333827165e-10,-2.9513891330879005e-13,0.6525409989990294,0.5955829983577132,2.837125037331134,151.52462502010167,0.193667015992105,0.0987079693004489
4,near_singular,8,15,67246943.57998386,0.008484024184050915,ok,1.923718316351729e-16,0.0,0.008484024184069962,reference,2.0113436856615504e-11,-1.9047263766225342e-14,0.008484024184050915,binding_ok,1.923718316351729e-16,0.008484018211429988,5.9726209273441855e-09,-6.228711990630131e-12,6.5772639088124345e-09,-6.228711990630131e-12,0.5225000204518437,0.4260829882696271,2.3418329656124115,27.310874953400344,0.15525001799687743,0.09499996667727828
4,near_singular,9,15,87485529.08597143,0.00876981599755639,ok,3.3461854914211886e-16,0.0,0.00876981599755642,reference,9.386050303436434e-14,-2.949029909160572e-17,0.00876981599755639,binding_ok,3.3461854914211886e-16,0.008769814826782879,1.170773511124934e-09,-6.938893903907228e-18,1.6228999633392764e-14,-6.938893903907228e-18,0.5115829990245402,0.4385829670354724,2.232917002402246,12.48937495984137,0.14529103646054864,0.0960840261541307
4,near_singular,10,15,16912083.585061934,0.004272054759264995,ok,1.8990268146487228e-15,0.0,0.004272054759266821,reference,2.0187034845078853e-11,-1.826663820203578e-15,0.004272054759264995,binding_ok,0.0,0.004272054727435132,3.1829862530419195e-11,-1.5063558039818403e-13,1.6645209307774701e-09,-1.5063558039818403e-13,0.5610000225715339,0.4432909772731364,2.229333040304482,11.711416998878121,0.16133399913087487,0.0981249613687396
4,near_singular,11,15,99636657.80928148,0.002128895928174745,ok,1.6423495761127167e-16,0.0,0.0021288959281747454,reference,5.091283685949422e-15,-4.336808689942018e-19,0.002128895928174745,binding_ok,1.6423495761127167e-16,0.0021288953602930107,5.678817342584519e-10,7.32920668600201e-17,6.505346670982472e-13,7.32920668600201e-17,0.5319580086506903,0.4446249804459512,2.5478749885223806,5.850166024174541,0.16300001880154014,0.10145799024030566
4,near_singular,12,15,47937800.63673676,0.008122952695559876,ok,2.100647574458349e-16,0.0,0.008122952695559963,reference,1.5964921565883454e-14,-8.673617379884035e-17,0.008122952695559876,binding_ok,2.100647574458349e-16,0.008122951693210789,1.0023490874117025e-09,-1.4255784053229803e-12,2.623087028816438e-10,-1.4255784053229803e-12,0.520500005222857,0.5004580016247928,2.195666020270437,28.23574998183176,0.16429199604317546,0.10420801118016243
4,near_singular,13,15,94187764.40519533,0.006703087703002314,ok,0.0,0.0,0.006703087703030934,reference,2.8143367963203017e-11,-2.8619467906665363e-14,0.006703087703002314,binding_ok,0.0,0.006703086279016514,1.4239857999351346e-09,2.348662063444973e-12,2.309597498496748e-09,2.348662063444973e-12,0.5199579754844308,0.5935410154052079,2.590749994851649,14.57212504465133,0.1834170543588698,0.10562501847743988
4,near_singular,14,15,61831979.589049615,0.008607619162916084,ok,2.202119037228233e-16,0.0,0.008607619162916219,reference,5.875253591324926e-13,-1.3530843112619095e-16,0.008607619162916084,binding_ok,0.0,0.008607617196556859,1.966359224753189e-09,2.42861286636753e-17,1.1120701138002577e-13,2.42861286636753e-17,0.5356250330805779,0.5252500413917005,3.0294160242192447,40.384916006587446,0.1526669948361814,0.14525000005960464
4,near_singular,15,15,46115196.845969856,0.005921036775658925,ok,0.0,0.0,0.005921036775689758,reference,3.258859046410989e-11,-3.083297506201177e-14,0.005921036775658925,binding_ok,0.0,0.005921033589738112,3.185920813622567e-09,1.7971266835781208e-12,1.8994548420246306e-09,1.7971266835781208e-12,0.5948339821770787,0.5191660020500422,2.760250004939735,25.200625008437783,0.1640410046093166,0.10362500324845314
4,near_singular,16,15,25052863.36243561,0.01072960980379554,ok,4.072432726144177e-14,0.0,0.01072960980439729,reference,9.555574706545981e-09,-6.017495529642147e-13,0.01072960980379554,binding_ok,0.0,0.010729609260459815,5.433357253697979e-10,-7.267554613665794e-13,1.1540659872498982e-08,-7.267554613665794e-13,0.6155410083010793,0.4914170131087303,2.4347499711439013,13.77299998421222,0.15433301450684667,0.09437499102205038
4,near_singular,17,15,57208280.94088481,0.008454868432319448,ok,0.0,0.0,0.008454868432319448,reference,7.777231295636534e-16,0.0,0.008454868432319448,binding_ok,0.0,0.008454865704305118,2.728014330058426e-09,-2.0816681711721685e-17,8.101282599621389e-14,-2.0816681711721685e-17,0.528833013959229,0.6714579649269581,2.4777089711278677,6.813041982240975,0.15129102393984795,0.14670798555016518
4,near_singular,18,15,37971632.72912848,0.00907746835982846,ok,2.7283393315101443e-16,0.0,0.009077468359830079,reference,6.88769264239736e-13,-1.618497003086361e-15,0.00907746835982846,binding_ok,0.0,0.009077468247765843,1.1206261786578242e-10,-2.725479564258393e-12,1.1607092167863664e-09,-2.725479564258393e-12,0.610208953730762,0.5388329736888409,2.73258303059265,8.14091699430719,0.16362499445676804,0.10900001507252455
4,near_singular,19,15,43829094.26108676,0.0065741575762601695,ok,0.0,0.0,0.006574157576260187,reference,5.402267198454779e-15,-1.734723475976807e-17,0.0065741575762601695,binding_ok,0.0,0.006574157512052701,6.420746833518676e-11,0.0,1.3851967175525076e-16,0.0,0.4985830164514482,0.6057089776732028,2.525874995626509,5.601749988272786,0.13437500456348062,0.09250000584870577
4,near_singular,20,15,58966101.18695371,0.010740603797435902,ok,1.2743460402035332e-16,0.0,0.010740603797436011,reference,1.1698496649068433e-13,-1.0928757898653885e-16,0.010740603797435902,binding_ok,1.2743460402035332e-16,0.010740597000489648,6.796946254092329e-09,-1.6338501732104938e-11,1.7966441942183654e-08,-1.6338501732104938e-11,0.4957080236636102,0.4491250147111714,2.3857500054873526,10.641958971973509,0.1527909771539271,0.10379101149737835
4,duplicate,1,15,9.120490072500568e+16,0.012162744939648008,ok,6.063074830787572e-16,0.0,0.012162744939659211,reference,2.7039797976604875e-12,-1.120284420785822e-14,0.012162744939648008,binding_ok,0.0,0.012162743748531775,1.1911162334232728e-09,0.0,6.063074830787572e-16,0.0,0.5192090175114572,0.4716250114142895,2.3571669589728117,33.31329202046618,0.5094169755466282,0.42983301682397723
4,duplicate,2,15,8847453280245366.0,0.009297902179870698,ok,0.0,0.0,0.009297902179870698,reference,2.702938096759196e-15,0.0,0.009297902179870698,binding_ok,0.0,0.009297902007655998,1.7221470083317314e-10,0.0,0.0,0.0,0.7979999645613134,0.9409170015715063,3.3274590387009084,12.576875044032931,0.5502079729922116,0.40395901305601
4,duplicate,3,15,2.2403227871985645e+17,0.0033132516506475325,ok,0.0,0.0,0.0033132516506651465,reference,6.209238740557714e-12,-1.7613948494199505e-14,0.0033132516506475325,binding_ok,0.0,0.003313250106120196,1.5445273363230705e-09,0.0,0.0,0.0,0.4301670123822987,0.49991701962426305,2.408042026218027,8.099041995592415,0.5625830381177366,0.4601660184562206
4,duplicate,4,15,2.8180897384111556e+16,0.007567127483151035,ok,0.0,0.0,0.00756712748315114,reference,1.1098309777560624e-13,-1.0495077029659683e-16,0.007567127483151035,binding_ok,0.0,0.007567125296225408,2.1869256267015302e-09,0.0,0.0,0.0,0.44933403842151165,0.4188749589957297,2.635292010381818,21.89729199744761,0.5656669964082539,0.3815829986706376
4,duplicate,5,15,2.8422929711187414e+297,0.005816641740512181,ok,1.6077614358795145e-16,0.0,0.005816641740512431,reference,9.325016328101184e-15,-2.498001805406602e-16,0.005816641740512181,binding_ok,1.6077614358795145e-16,0.005816640339979882,1.40053229950865e-09,0.0,1.6077614358795145e-16,0.0,0.3977079759351909,0.3600000054575503,2.3074999917298555,37.530832982156426,0.5388330318965018,0.3874999820254743
4,duplicate,6,15,3.7660313752316133e+297,0.001181699501553852,ok,0.0,0.0,0.0011816995015539035,reference,9.854376821835657e-15,-5.139118297581291e-17,0.001181699501553852,binding_ok,0.0,0.0011816946376702134,4.8638836387324136e-09,0.0,0.0,0.0,0.38470799336209893,0.47037500189617276,2.3994590155780315,19.970040943007916,0.5933750071562827,0.4306670161895454
4,duplicate,7,15,6.295460633949586e+297,0.007994039159196373,ok,1.7536606164571045e-16,0.0,0.007994039159196518,reference,8.06683883570268e-15,-1.457167719820518e-16,0.007994039159196373,binding_ok,1.7536606164571045e-16,0.00799403862187021,5.373261627306114e-10,0.0,1.7536606164571045e-16,0.0,0.4384170169942081,0.47037500189617276,2.4876249954104424,44.55583303933963,0.5649160011671484,0.4897500039078295
4,duplicate,8,15,6.000050832135903e+297,-0.0008848890592790024,ok,4.1813188315118235e-16,2.220446049250313e-16,-0.0008848890592789029,reference,7.526373896721283e-15,-9.952975943416931e-17,-0.0008848890592790024,binding_ok,4.1813188315118235e-16,-0.0008848895613125761,5.020335736754047e-10,0.0,4.1813188315118235e-16,0.0,0.3943340270780027,0.43445901246741414,2.519250032491982,9.872584021650255,0.5058750393800437,0.4766249912790954
4,duplicate,9,15,7.821763516079807e+297,0.007054802314447391,ok,1.574737422429509e-16,0.0,0.007054802314447392,reference,4.724212267288526e-16,-1.734723475976807e-18,0.007054802314447391,binding_ok,0.0,0.0070548022238513695,9.059602113642429e-11,0.0,1.574737422429509e-16,0.0,0.40604203240945935,0.4418339813128114,2.4235000018961728,37.45124995475635,0.5107499891892076,0.3977909800596535
4,duplicate,10,15,5.251648761636506e+16,0.00905891651023941,ok,0.0,0.0,0.009058916510239412,reference,3.807698771065952e-16,-1.734723475976807e-18,0.00905891651023941,binding_ok,0.0,0.009058913520717003,2.9895224074039106e-09,0.0,0.0,0.0,0.46770903281867504,0.4527500132098794,2.728666993789375,6.966000015381724,0.5988749908283353,0.4891250282526016
4,duplicate,11,15,5.749570530248301e+297,0.009256962932941298,ok,0.0,0.0,0.009256962932941386,reference,8.098206987631834e-15,-8.847089727481716e-17,0.009256962932941298,binding_ok,0.0,0.00925696070994357,2.2229977268695134e-09,0.0,0.0,0.0,0.3946250071749091,0.3873339737765491,2.452625019941479,28.85091700591147,0.6097499863244593,0.45829202281311154
4,duplicate,12,15,6.561868214694263e+16,0.005158984035415289,ok,3.927719704544589e-16,0.0,0.00515898403541529,reference,1.1783159113633766e-15,-8.673617379884035e-19,0.005158984035415289,binding_ok,3.927719704544589e-16,0.005158983587204998,4.4821029093061737e-10,0.0,3.927719704544589e-16,0.0,0.38645899621769786,0.3749999450519681,2.5447080261074007,6.761667027603835,0.5482499836944044,0.4676670068874955
4,duplicate,13,15,1.5807965600881405e+17,0.0048620929789664705,ok,2.0480806439580978e-16,0.0,0.004862092978966492,reference,2.0480806439580978e-16,-2.168404344971009e-17,0.0048620929789664705,binding_ok,2.0480806439580978e-16,0.004862092045495292,9.334711788266947e-10,0.0,2.0480806439580978e-16,0.0,0.3915419802069664,0.44483301462605596,2.484166994690895,37.73583401925862,0.4884589579887688,0.45779201900586486
4,duplicate,14,15,1.2417948161365488e+16,0.006617491284812028,ok,0.0,0.0,0.0066174912848120295,reference,4.944148418639624e-15,-1.734723475976807e-18,0.006617491284812028,binding_ok,0.0,0.006617491069715457,2.1509657076312916e-10,0.0,0.0,0.0,0.4670000053010881,0.4772080574184656,2.811125013977289,6.704124971292913,0.517666048835963,0.43474999256432056
4,duplicate,15,15,4.75109956092741e+16,0.006059657857506528,ok,8.830445933856372e-16,0.0,0.006059657857506533,reference,7.726640192124326e-15,-5.204170427930421e-18,0.006059657857506528,binding_ok,8.830445933856372e-16,0.006059656829610296,1.0278962316728757e-09,0.0,8.830445933856372e-16,0.0,0.46024995390325785,0.4135419731028378,2.553374972194433,15.797583968378603,0.4736669943667948,0.5209579830989242
4,duplicate,16,15,2.5708632896145594e+297,0.0061324579473890604,ok,1.7829500773142565e-16,0.0,0.0061324579473890995,reference,8.20157035564558e-15,-3.903127820947816e-17,0.0061324579473890604,binding_ok,1.7829500773142565e-16,0.006132457812749496,1.3463956425457946e-10,0.0,1.7829500773142565e-16,0.0,0.42166595812886953,0.4220830160193145,2.545082999859005,17.810000048484653,0.5637920112349093,0.4567920113913715
4,duplicate,17,15,9.662314093597503e+297,0.0042422966335392606,ok,0.0,0.0,0.004242296633539261,reference,2.3977130538560037e-15,-8.673617379884035e-19,0.0042422966335392606,binding_ok,0.0,0.004242296432355499,2.0118376149041994e-10,0.0,0.0,0.0,0.40241703391075134,0.4403750062920153,2.6177079998888075,5.488625029101968,0.5221670144237578,0.47250004718080163
4,duplicate,18,15,3.2803305380762984e+297,0.008795450512903561,ok,0.0,0.0,0.008795450512903587,reference,9.459236944986066e-15,-2.6020852139652106e-17,0.008795450512903561,binding_ok,0.0,0.008795448986078853,1.5268247083310982e-09,0.0,0.0,0.0,0.4154159687459469,0.42195903370156884,2.3439580108970404,13.529917050618678,0.5933750071562827,0.5017909570597112
4,duplicate,19,15,9781584649991402.0,0.0047129847418852615,ok,0.0,0.0,0.004712984741885262,reference,7.529272329443832e-16,-8.673617379884035e-19,0.0047129847418852615,binding_ok,0.0,0.00471298389106649,8.508187713390791e-10,0.0,0.0,0.0,0.45175000559538603,0.4360830062068999,2.4560000165365636,6.977541954256594,0.520500005222857,0.456834037322551
4,duplicate,20,15,8.667169426562645e+297,0.005233996452392005,ok,1.2126735732734278e-16,0.0,0.005233996452407853,reference,5.264822318366587e-12,-1.584756631478612e-14,0.005233996452392005,binding_ok,0.0,0.005233990923970203,5.528421801945238e-09,0.0,1.2126735732734278e-16,0.0,0.42050000047311187,0.4337919526733458,2.528499986510724,23.473292007111013,0.5639999872073531,0.45774999307468534
4,zero_variance,1,15,1.6358507272249082e+297,0.008896841453315691,ok,5.342412733007863e-16,0.0,0.008896841453315691,reference,1.0684825466015725e-15,0.0,0.009174788915365535,slack,0.0,0.0091747887209546,1.944109352669532e-10,0.0,5.342412733007863e-16,0.0,0.5088329780846834,0.01133297337219119,2.4002919672057033,6.517666974104941,0.5325000383891165,0.009791983757168055
4,zero_variance,2,15,3.7580385855143824e+297,0.008256520904451274,ok,6.261815765244731e-16,0.0,0.00825652090445133,reference,1.7063447960291894e-14,-5.551115123125783e-17,0.008256520904451274,binding_ok,6.261815765244731e-16,0.008256518674536513,2.2299147615229e-09,0.0,6.261815765244731e-16,0.0,0.4547499702312052,0.4550000303424895,2.1699159988202155,7.90745799895376,0.5719999899156392,0.47045800602063537
4,zero_variance,3,15,5.888178808592026e+297,0.010323964744917393,ok,0.0,0.0,0.010323964744917395,reference,6.2786811174602894e-15,-1.734723475976807e-18,0.010609818421919026,slack,0.0,0.01060981836660619,5.531283590876068e-11,0.0,0.0,0.0,0.44658296974375844,0.010208983439952135,2.6493750046938658,7.5834160088561475,0.8529159822501242,0.01266703475266695
4,zero_variance,4,15,8.787645373553702e+297,0.0035766663843337164,ok,9.321315145222157e-16,0.0,0.0035766663843337207,reference,8.73873294864577e-15,-4.336808689942018e-18,0.0035766663843337164,binding_ok,0.0,0.0035766650727620075,1.3115717088785228e-09,0.0,9.321315145222157e-16,0.0,0.5169580108486116,0.47337502473965287,2.446333004627377,16.001707990653813,0.5505410372279584,0.6437909905798733
4,zero_variance,5,15,3.626126888564329e+297,0.007757078933048547,ok,3.294633972125364e-16,0.0,0.007757078933048556,reference,1.1531218902438774e-14,-8.673617379884035e-18,0.007757078933048547,binding_ok,3.294633972125364e-16,0.0077570787324441875,2.00604359512635e-10,0.0,3.294633972125364e-16,0.0,0.506458047311753,0.5282500060275197,2.5224160053767264,14.777667005546391,0.6355419754981995,0.5424580303952098
4,zero_variance,6,15,5.285960379730777e+297,0.009887615797412281,ok,3.587401728723646e-16,0.0,0.009887615797416035,reference,1.7013850598760012e-12,-3.7539416020138106e-15,0.009887615797412281,binding_ok,0.0,0.009887615492653075,3.0475920571870763e-10,0.0,3.587401728723646e-16,0.0,0.5174999823793769,0.4944580141454935,2.6737910229712725,7.8678749850951135,0.5630829837173223,0.5166669725440443
4,zero_variance,7,15,6.730053496828162e+297,0.0032328478628700684,ok,1.9101331289936068e-16,0.0,0.003232847862870075,reference,6.303439325678903e-15,-6.5052130349130266e-18,0.0032328478628700684,binding_ok,1.9101331289936068e-16,0.003232847629186862,2.336832064658845e-10,0.0,1.9101331289936068e-16,0.0,0.4646669840440154,0.45175000559538603,2.54604103974998,12.633749982342124,0.56900002527982,0.6934160483069718
4,zero_variance,8,15,2.6525655182700745e+297,0.008207274097831509,ok,1.4467273936287143e-16,0.0,0.008207274097831637,reference,5.87371321813258e-14,-1.2836953722228372e-16,0.008207274097831509,binding_ok,1.4467273936287143e-16,0.008207268840937,5.256894508240406e-09,0.0,1.4467273936287143e-16,0.0,0.48345798859372735,0.48341695219278336,2.577750012278557,14.446958957705647,0.6189579726196826,0.5240419995971024
4,zero_variance,9,15,2.970030826592281e+297,0.004667644195883036,ok,1.6800570638822983e-16,0.0,0.004667644195883036,reference,1.6800570638822983e-16,0.0,0.005203811275675464,slack,0.0,0.0052038105412416606,7.34433803703527e-10,0.0,1.6800570638822983e-16,0.0,0.7242090068757534,0.012708012945950031,2.731667016632855,7.154708029702306,0.6162080098874867,0.011917029041796923
4,zero_variance,10,15,6.122372461677709e+297,0.009890348895906953,ok,5.147262489371841e-16,0.0,0.009890348895907102,reference,3.249638384956756e-13,-1.491862189340054e-16,0.009890348895906953,binding_ok,0.0,0.00989034627391935,2.621987602730025e-09,0.0,5.147262489371841e-16,0.0,0.5621250020340085,0.5060420371592045,2.4899999843910336,23.39762495830655,0.5525419837795198,0.4503750242292881
4,zero_variance,11,15,5.125129716164824e+297,0.007754912324577475,ok,0.0,0.0,0.007754912324577482,reference,4.41779312775119e-15,-6.938893903907228e-18,0.010270507455044273,slack,0.0,0.010270507329176812,1.2586746055143205e-10,0.0,0.0,0.0,0.4750409862026572,0.010041985660791397,2.172833017539233,5.2081659669056535,0.5204579792916775,0.010458985343575478
4,zero_variance,12,15,5.821641103102394e+297,0.009519909382882913,ok,2.0669208879555211e-16,0.0,0.009519909382883412,reference,9.435493853516954e-13,-4.996003610813204e-16,0.009519909382882913,binding_ok,0.0,0.009519909294420748,8.84621646768391e-11,0.0,2.0669208879555211e-16,0.0,0.4418340395204723,0.4335420089773834,2.4692920269444585,6.221292016562074,0.5845829728059471,0.4425829974934459
4,zero_variance,13,15,2.0900959465768874e+297,0.007187432535033788,ok,2.723172742930957e-16,0.0,0.007187432535033806,reference,1.7428305554758124e-14,-1.8214596497756474e-17,0.007187432535033788,binding_ok,2.723172742930957e-16,0.0071874322208983175,3.1413547024045085e-10,0.0,2.723172742930957e-16,0.0,0.4492079606279731,0.43045898200944066,2.6502920081838965,8.52016604039818,0.5429580342024565,0.44362503103911877
4,zero_variance,14,15,5.489592945719855e+297,0.009217304075660359,ok,4.593055484941683e-16,0.0,0.009217304075660387,reference,2.0056342284245354e-14,-2.7755575615628914e-17,0.009217304075660359,binding_ok,4.593055484941683e-16,0.009217302675969721,1.3996906376989582e-09,0.0,4.593055484941683e-16,0.0,0.45545800821855664,0.44416601303964853,2.600915962830186,46.69304197886959,0.548332987818867,0.4587080329656601
4,zero_variance,15,15,1.600157206208527e+297,0.007407870012160115,ok,0.0,0.0,0.007407870012160118,reference,2.1745032630829717e-15,-2.6020852139652106e-18,0.007407870012160115,binding_ok,0.0,0.007407869328084726,6.840753892164986e-10,0.0,0.0,0.0,0.4254160448908806,0.43587497202679515,2.448582963552326,6.157208990771323,0.5069579929113388,0.43370795901864767
4,zero_variance,16,15,2.746859941815008e+297,0.010142393312094568,ok,9.710259621254601e-16,2.220446049250313e-16,0.010142393312094614,reference,4.408457868049589e-14,-4.5102810375396984e-17,0.010142393312094568,binding_ok,9.710259621254601e-16,0.010142392486747654,8.253469140767633e-10,0.0,9.710259621254601e-16,0.0,0.4356660065241158,0.42579200817272067,2.3168749758042395,8.659208018798381,0.6317500374279916,0.4331250092945993
4,zero_variance,17,15,4.2895452326880044e+297,0.006389722528221927,ok,2.5495986018297523e-16,0.0,0.006389722528221935,reference,3.696917972653141e-15,-8.673617379884035e-18,0.006389722528221927,binding_ok,2.5495986018297523e-16,0.006389720424893469,2.103328457583875e-09,0.0,2.5495986018297523e-16,0.0,0.4480420029722154,0.43454195838421583,2.377583004999906,14.757000026293099,0.5257499869912863,0.4466670216061175
4,zero_variance,18,15,4.4588697340087544e+297,0.007559977003186963,ok,5.644398367030744e-16,0.0,0.007559977003186963,reference,0.0,0.0,0.008550587932773995,slack,0.0,0.008550587565898554,3.668754414848374e-10,0.0,5.644398367030744e-16,0.0,0.4771249950863421,0.013625016435980797,2.181124989874661,5.695416999515146,0.5585000035353005,0.011082971468567848
4,zero_variance,19,15,4.9156383448286897e+297,0.00916627485487547,ok,0.0,0.0,0.009166274854875471,reference,1.1893460675042504e-14,-1.734723475976807e-18,0.009492125534248155,slack,0.0,0.009492124284839271,1.2494088836439987e-09,0.0,0.0,0.0,0.4462089855223894,0.009457988198846579,2.364041982218623,6.8127920385450125,0.49645797116681933,0.008957984391599894
4,zero_variance,20,15,4.637838101205714e+297,0.009716773479044191,ok,2.0352117910916537e-16,0.0,0.009716773479044193,reference,1.628169432873323e-15,-1.734723475976807e-18,0.009716773479044191,binding_ok,2.0352117910916537e-16,0.00971677052868404,2.9503601506331023e-09,0.0,2.0352117910916537e-16,0.0,0.5564169841818511,0.5127079784870148,2.2924579679965973,6.3244589837267995,0.5562910228036344,0.4587080329656601
4,tied_means,1,15,591.4823619292301,0.00802061510191377,ok,5.099235049063063e-16,0.0,0.008020615101916186,reference,1.6223216308594135e-12,-2.4147350785597155e-15,0.00802061510191377,binding_ok,5.099235049063063e-16,0.0080206145584245,5.43489270948827e-10,0.0,5.099235049063063e-16,0.0,0.5458329687826335,0.5365000106394291,2.244791015982628,17.55641697673127,0.6293339538387954,0.8866669959388673
4,tied_means,2,15,115.29149801739156,0.013345296460992084,ok,3.636139310553697e-16,2.220446049250313e-16,0.013345296460992091,reference,1.127203186271646e-14,-6.938893903907228e-18,0.013345296460992084,binding_ok,3.636139310553697e-16,0.0133452962808393,1.8015278505090215e-10,0.0,3.636139310553697e-16,0.0,0.5661670002155006,0.5519170081242919,2.420457953121513,18.0325839901343,0.6422919686883688,0.5799169884994626
4,tied_means,3,15,286.13021519230193,0.010974258643442068,ok,0.0,0.0,0.010974258643442123,reference,7.693206835789622e-14,-5.551115123125783e-17,0.010974258643442068,binding_ok,0.0,0.010974258466941895,1.765001721165671e-10,0.0,0.0,0.0,0.5117499968037009,0.5583330057561398,2.4174999562092125,11.542458028998226,0.6707909633405507,0.5925000295974314
4,tied_means,4,15,271.3604078373838,0.012626518549208286,degenerate_face,2.0485417904328483e-16,0.0,0.012626518549208286,reference,2.0485417904328483e-16,0.0,0.012626518549208285,slack,0.0,0.012626517897865102,6.513431825144744e-10,0.0,2.0485417904328483e-16,0.0,0.5155410035513341,0.058833975344896317,2.345415996387601,5.8419579872861505,0.6795829976908863,0.06104103522375226
4,tied_means,5,15,43.1241536562572,0.010588993754254601,ok,1.6528348963690728e-16,0.0,0.010588993754254658,reference,1.2082223092457924e-13,-5.724587470723463e-17,0.010588993754254601,binding_ok,1.6528348963690728e-16,0.010588990508500614,3.2457539867608576e-09,0.0,1.6528348963690728e-16,0.0,0.5021250108256936,0.5228330264799297,3.0835409997962415,20.326832949649543,0.615999975707382,0.5699159810319543
4,tied_means,6,15,237.8108830467628,0.016015756063157232,ok,1.1705184538780106e-15,0.0,0.01601575606315727,reference,9.865798396971803e-15,-3.8163916471489756e-17,0.016015756063157232,binding_ok,1.1705184538780106e-15,0.016015752120675804,3.942481428126365e-09,0.0,1.1705184538780106e-15,0.0,0.4963329993188381,0.6532910047098994,2.4110000231303275,10.914958023931831,0.6028750212863088,0.5669170059263706
4,tied_means,7,15,112.13276529464703,0.010572822112408585,ok,2.2016867675398802e-16,0.0,0.01057282211240859,reference,8.146241039897557e-15,-5.204170427930421e-18,0.010572822112408585,binding_ok,2.2016867675398802e-16,0.010572820237578969,1.874829616207996e-09,0.0,2.2016867675398802e-16,0.0,0.46858395216986537,0.5076660308986902,2.375875017605722,12.979583989363164,0.6572919664904475,0.5637909634970129
4,tied_means,8,15,101.22053084337541,0.014946674414538307,ok,3.9917107531137217e-16,0.0,0.014946674414538407,reference,4.8299700112676036e-14,-1.0061396160665481e-16,0.014946674414538307,binding_ok,3.9917107531137217e-16,0.014946671333036064,3.081502242610612e-09,0.0,3.9917107531137217e-16,0.0,0.4959170473739505,0.7296249968931079,2.157250011805445,9.504000016022474,0.643917010165751,0.5638750153593719
4,tied_means,9,15,99.06543250825408,0.01096820183155299,ok,8.607592130627765e-16,2.220446049250313e-16,0.010968201831553006,reference,9.22242013995832e-15,-1.5612511283791264e-17,0.01096820183155299,binding_ok,0.0,0.010968201103131367,7.284216233666152e-10,0.0,8.607592130627765e-16,0.0,0.46325003495439887,0.5095420056022704,2.338249993044883,20.190749957691878,0.8694999851286411,0.5685409996658564
4,tied_means,10,15,31.935937914990987,0.010191888646136222,ok,1.5272421586155809e-16,0.0,0.010191888646136623,reference,7.142911575845072e-13,-4.0072112295064244e-16,0.010191888646136222,binding_ok,1.5272421586155809e-16,0.010191885424404783,3.221731438921016e-09,0.0,1.5272421586155809e-16,0.0,0.5024590063840151,0.5318749463185668,2.4046250036917627,17.30041700648144,0.6553340354003012,0.5748330149799585
4,tied_means,11,15,550.4095218171645,0.009611660877321598,ok,1.445165766291006e-16,0.0,0.00961166087732161,reference,1.0838743247182546e-14,-1.214306433183765e-17,0.009611660877321598,binding_ok,1.445165766291006e-16,0.009611656871782061,4.005539537207947e-09,0.0,1.445165766291006e-16,0.0,0.4890830023214221,0.5467080045491457,2.3946670116856694,15.821583976503462,0.6456659757532179,0.6040409789420664
4,tied_means,12,15,11.356550809708319,0.012731186089025917,ok,0.0,0.0,0.012731186089216147,reference,4.9043001540693044e-11,-1.9022977637561667e-13,0.012731186089025917,binding_ok,0.0,0.01273118573732811,3.516978062945153e-10,0.0,0.0,0.0,0.48466696171090007,0.5320830387063324,2.4356250069104135,29.878249973990023,0.6842919974587858,0.5856670322827995
4,tied_means,13,15,72429.09661260081,0.009536397861152643,ok,0.0,0.0,0.009536397861152648,reference,1.4531184424480818e-15,-5.204170427930421e-18,0.012223199291064114,slack,0.0,0.012223199154052787,1.3701132763055401e-10,0.0,0.0,0.0,0.4973749746568501,0.05883298581466079,2.4171670083887875,5.664042022544891,0.824208022095263,0.07166602881625295
4,tied_means,14,15,591.4840333241942,0.00906658969208327,degenerate_face,0.0,0.0,0.009066589692083273,reference,1.8668538703797215e-16,-1.734723475976807e-18,0.00906658969208327,slack,0.0,0.009066588096461554,1.5956217163520803e-09,0.0,0.0,0.0,0.5166669725440443,0.06295798812061548,2.1258340566419065,6.587666983250529,0.6385830347426236,0.05708297248929739
4,tied_means,15,15,46.547799491700545,0.015659860804974467,degenerate_face,1.4311649803098273e-16,0.0,0.01565986080497447,reference,5.71034827143621e-14,-3.469446951953614e-18,0.015659860804974467,slack,0.0,0.015659859102252656,1.7027218107701358e-09,0.0,1.4311649803098273e-16,0.0,0.6862090085633099,0.06087496876716614,2.220416034106165,13.317250006366521,0.613874988630414,0.05883298581466079
4,tied_means,16,15,777.1617502040194,0.012132088655465369,degenerate_face,1.7384886324886722e-16,0.0,0.01213208865546537,reference,1.7384886324886722e-16,-1.734723475976807e-18,0.012132088655465369,slack,0.0,0.012132088632946719,2.2518650139025098e-11,0.0,1.7384886324886722e-16,0.0,0.48937503015622497,0.058125006034970284,2.172375039663166,15.690458996687084,0.6178340408951044,0.058792007621377707
4,tied_means,17,15,861.3904090037995,0.008851432305864673,ok,2.7900461091327226e-16,2.220446049250313e-16,0.00885143230603233,reference,3.001823164023387e-10,-1.6765755450620645e-13,0.008851432305864673,binding_ok,2.7900461091327226e-16,0.008851430750361737,1.5555029365260653e-09,0.0,2.7900461091327226e-16,0.0,0.4796250141225755,0.5175410187803209,2.165374986361712,17.079000012017787,0.6915829726494849,0.5717499880120158
4,tied_means,18,15,158.13228355620797,0.010001375582597758,ok,1.1342758589188722e-15,0.0,0.010001375582597836,reference,3.135462552868596e-13,-7.806255641895632e-17,0.010001375582597758,binding_ok,0.0,0.010001374452908243,1.1296895155443742e-09,0.0,1.1342758589188722e-15,0.0,0.4865829832851887,0.525166979059577,2.1375420037657022,43.26829203637317,4.202249983791262,2.2291250061243773
4,tied_means,19,15,28.821024167700397,0.010282075777251841,degenerate_face,0.0,0.0,0.010282075777251841,reference,0.0,0.0,0.01028207577725184,slack,0.0,0.010282075727463025,4.9788813696882706e-11,0.0,0.0,0.0,1.1166660115122795,0.11766597162932158,8.493417000863701,14.491750043816864,0.7328750216402113,0.0773330102674663
4,tied_means,20,15,46.12566371736284,0.013201860316636126,ok,1.1980813923492955e-16,0.0,0.013201860316636137,reference,5.51117440480676e-15,-1.0408340855860843e-17,0.013201860316636126,binding_ok,0.0,0.013201858561116001,1.7555201251018282e-09,0.0,1.1980813923492955e-16,0.0,0.7270000060088933,0.5785420071333647,2.4079590220935643,21.288582996930927,0.6770830368623137,0.5724999937228858
4,boundary,1,15,221.84277300185678,0.00697197968122294,ok,2.1518551501571906e-16,0.0,0.006182609557954178,reference,4.303710300314381e-16,0.0007893701232687617,0.00697197968122294,slack,2.1518551501571906e-16,0.006971977945487111,1.7357358285050029e-09,0.0,2.1518551501571906e-16,0.0,0.4529579891823232,0.01091696321964264,3.261542005930096,7.526084023993462,0.15637499745935202,0.011541997082531452
4,boundary,2,15,391.24322709188255,0.010546264330263495,ok,2.0324819257608778e-16,0.0,0.010459284314027305,reference,4.064963851521756e-15,8.698001623618987e-05,0.010546264330263495,slack,2.0324819257608778e-16,0.010546260724317833,3.605945661858123e-09,0.0,2.0324819257608778e-16,0.0,0.6172499852254987,0.012249976862221956,2.1832919446751475,7.36895902082324,0.16966700786724687,0.011541997082531452
4,boundary,3,15,77.71821957799892,0.012817230838096775,ok,0.0,0.0,0.01035894592940541,reference,1.7356472873279664e-15,0.002458284908691365,0.012817230838096775,slack,0.0,0.012817227678855616,3.1592411586095492e-09,0.0,0.0,0.0,0.49287499859929085,0.010499963536858559,2.3405830143019557,6.074249977245927,0.1246670144610107,0.009457988198846579
4,boundary,4,15,15.895057377742921,0.004262004496983501,ok,1.4413130880393957e-16,0.0,0.004262004496983501,reference,1.4413130880393957e-16,0.0,0.004262004496983501,slack,1.4413130880393957e-16,0.004262002392916288,2.1040672129948867e-09,0.0,1.4413130880393957e-16,0.0,0.4681670106947422,0.009832961950451136,1.9234580104239285,7.30612495681271,0.13745797332376242,0.010957999620586634
4,boundary,5,15,130.60981497629507,0.008641045892725786,ok,0.0,0.0,0.008398345830838662,reference,1.29291629268562e-16,0.0002427000618871241,0.008641045892725786,slack,0.0,0.008641045715128436,1.775973500206529e-10,0.0,0.0,0.0,0.50166598521173,0.010750023648142815,2.2794170072302222,7.005541992839426,0.1367499935440719,0.010749965440481901
4,boundary,6,15,7.880490291692924,0.00833839879901227,ok,0.0,0.0,0.00833839879901227,reference,0.0,0.0,0.00833839879901227,slack,0.0,0.008338398768155841,3.0856428523406976e-11,0.0,0.0,0.0,0.636707991361618,0.011791009455919266,2.1770839812234044,6.118791992776096,0.12745801359415054,0.009333016350865364
4,boundary,7,15,36.28957292674844,0.0073550892250116955,ok,1.2829108889020717e-16,0.0,0.00610415283717987,reference,1.6677841555726932e-15,0.001250936387831825,0.0073550892250116955,slack,1.2829108889020717e-16,0.00735508904210534,1.8290635585976878e-10,0.0,1.2829108889020717e-16,0.0,0.4830419784411788,0.009999959729611874,2.200417045969516,6.095959048252553,0.14812499284744263,0.011082971468567848
4,boundary,8,15,176.14020751129033,0.010229929151160486,ok,1.2656999116391403e-16,0.0,0.00895184804191886,reference,1.2656999116391403e-16,0.0012780811092416248,0.010229929151160486,slack,1.2656999116391403e-16,0.010229924460142866,4.691017619490312e-09,0.0,1.2656999116391403e-16,0.0,0.5090000340715051,0.01020805211737752,2.072791976388544,6.04254100471735,0.13649999164044857,0.010457995813339949
4,boundary,9,15,72.52178118552213,0.008408937691306155,ok,0.0,0.0,0.007947016230117586,reference,2.7798761543830915e-15,0.0004619214611885688,0.008408937691306155,slack,0.0,0.008408937343398589,3.479075656037667e-10,0.0,0.0,0.0,0.5152500234544277,0.010207993909716606,2.213625004515052,6.256541004404426,0.12295797932893038,0.009750016033649445
4,boundary,10,15,25.599555001070094,0.015456302386909582,ok,2.2010045858602435e-16,0.0,0.015391943442439344,reference,4.402009171720487e-15,6.43589444702386e-05,0.015456302386909582,slack,2.2010045858602435e-16,0.01545630120905229,1.1778572926030018e-09,0.0,2.2010045858602435e-16,0.0,0.48262503696605563,0.010624993592500687,2.1954579860903323,6.172374996822327,0.1407089876011014,0.011458003427833319
4,boundary,11,15,83.0355671512597,0.010394587124490815,ok,0.0,0.0,0.010394587124490815,reference,0.0,0.0,0.010394587124490815,slack,0.0,0.010394581754552568,5.369938247540285e-09,0.0,0.0,0.0,0.4963329993188381,0.010124989785254002,2.0619170391000807,4.883958026766777,0.13354199472814798,0.01004204386845231
4,boundary,12,15,19.94160095246186,0.013101207988545761,ok,1.839155574235417e-16,0.0,0.011645880317405296,reference,5.517466722706251e-16,0.0014553276711404654,0.013101207988545761,slack,1.839155574235417e-16,0.013101204026180573,3.962365187695771e-09,0.0,1.839155574235417e-16,0.0,0.4937920020893216,0.010083022061735392,2.0109170000068843,5.778291029855609,0.23424997925758362,0.015249999705702066
4,boundary,13,15,128.95875879741644,0.0038580480889708357,ok,1.3233892970346982e-16,0.0,0.0038580480889708357,reference,1.3233892970346982e-16,0.0,0.0038580480889708357,slack,0.0,0.0038580445669537645,3.5220170712182974e-09,0.0,1.3233892970346982e-16,0.0,0.5128749762661755,0.010541989468038082,2.139999996870756,6.821666029281914,0.1294999965466559,0.010333023965358734
4,boundary,14,15,148.5703019709004,0.004644746606092545,ok,0.0,0.0,0.004644746606092545,reference,0.0,0.0,0.004644746606092545,slack,0.0,0.004644744956854608,1.6492379371901844e-09,0.0,0.0,0.0,0.500208989251405,0.010374991688877344,2.069292007945478,6.133458053227514,0.13325002510100603,0.011083960998803377
4,boundary,15,15,72.66500716328174,0.010491486293382821,ok,2.0157390883194714e-16,0.0,0.010491486293382821,reference,2.0157390883194714e-16,0.0,0.010491486293382821,slack,0.0,0.010491485638390573,6.549922479393011e-10,0.0,2.0157390883194714e-16,0.0,0.4970409790985286,0.010165967978537083,2.097999968100339,6.355082965455949,0.15545799396932125,0.012334028724581003
4,boundary,16,15,28.63271810951982,0.010752623052013745,ok,0.0,0.0,0.010303968536592177,reference,5.304682358493139e-16,0.000448654515421568,0.010752623052013745,slack,0.0,0.010752622894998285,1.5701545966195773e-10,0.0,0.0,0.0,0.5290000117383897,0.01233298098668456,2.3974580108188093,9.173375030513853,0.12241699732840061,0.009583018254488707
4,boundary,17,15,428.47432833380003,0.009979573334457236,ok,1.9043650601883342e-16,0.0,0.009432083209224963,reference,3.2564642529220515e-14,0.0005474901252322736,0.009979573334457236,slack,1.9043650601883342e-16,0.009979567510835965,5.8236212709811275e-09,0.0,1.9043650601883342e-16,0.0,0.5157500272616744,0.01129199517890811,2.1869580377824605,6.809792015701532,0.1390419784002006,0.010458985343575478
4,boundary,18,15,15.843006261412343,0.012198933268540341,ok,0.0,0.0,0.012194233450271222,reference,4.4163363592454333e-16,4.699818269119499e-06,0.012198933268540341,slack,0.0,0.012198929441298195,3.827242146467458e-09,0.0,0.0,0.0,0.5142499576322734,0.02583296736702323,2.4309580330736935,5.196249985601753,0.13445899821817875,0.010124989785254002
4,boundary,19,15,46.701876869290054,0.007638318067193362,ok,1.986670379271005e-16,0.0,0.007638318067193362,reference,1.986670379271005e-16,0.0,0.007638318067193362,slack,1.986670379271005e-16,0.007638317939959095,1.2723426652538894e-10,0.0,1.986670379271005e-16,0.0,0.4959590150974691,0.01033395528793335,2.046208013780415,6.742917001247406,0.15908299246802926,0.012499978765845299
4,boundary,20,15,647.8211610674571,0.0072506372592998644,ok,1.8013128531461806e-16,0.0,0.007250637259299865,reference,1.8013128531461806e-16,-8.673617379884035e-19,0.0072506372592998644,slack,1.8013128531461806e-16,0.00725063715596747,1.0333239472415379e-10,0.0,1.8013128531461806e-16,0.0,0.5078339600004256,0.01066701952368021,2.278416999615729,6.268249999266118,0.15233299927785993,0.012582982890307903
5,random,1,31,13433.594611593111,0.004030472757218518,ok,1.1836583114665735e-16,0.0,0.004030472757218524,reference,9.942729816319218e-15,-6.071532165918825e-18,0.004030472757218518,binding_ok,1.1836583114665735e-16,0.004030472583725636,1.7349288238682758e-10,2.5934115965853266e-16,3.7119524647591747e-13,2.5934115965853266e-16,1.0864170035347342,0.9438329725526273,2.1512500243261456,23.373125004582107,0.18570898100733757,0.1312500098720193
5,random,2,31,78.55806898721454,0.005392355469617695,ok,1.313135925287717e-16,0.0,0.005392355469617886,reference,2.1233407911902386e-13,-1.9081958235744878e-16,0.005392355469617695,binding_ok,1.313135925287717e-16,0.005392355199497939,2.7011975642365904e-10,-4.336808689942018e-18,4.727289331035781e-15,-4.336808689942018e-18,1.005832978989929,0.9345419821329415,2.18791700899601,17.088500026147813,0.16966700786724687,0.1265000319108367
5,random,3,31,185.56231501180045,0.004476879948884762,ok,3.6221011116999807e-16,0.0,0.004476879948884789,reference,5.686698745368969e-14,-2.688821387764051e-17,0.004476879948884762,binding_ok,3.6221011116999807e-16,0.004476879661094149,2.877906133888497e-10,3.469446951953614e-18,7.606412334569959e-15,3.469446951953614e-18,1.0184579878114164,1.0496669565327466,2.575624966993928,14.684291963931173,0.17091596964746714,0.1289999927394092
5,random,4,31,3923.284845836576,0.009154902841641457,ok,2.6821428717952727e-16,0.0,0.009154902841641461,reference,4.0232143076929093e-16,-3.469446951953614e-18,0.009880024126589303,slack,0.0,0.009880023854527069,2.720622338525658e-10,-1.734723475976807e-18,1.3410714358976363e-16,0.0,1.068082987330854,0.010999967344105244,2.2454159916378558,6.2929169507697225,0.16795803094282746,0.012083037290722132
5,random,5,31,3855.474368590872,0.005932873539550463,ok,2.9997392557694327e-15,0.0,0.00593287353955047,reference,9.999130852564775e-15,-6.938893903907228e-18,0.005932873539550463,binding_ok,2.9997392557694327e-15,0.005932873482328892,5.72215712313362e-11,-1.6479873021779667e-17,2.1748109604328387e-14,-1.6479873021779667e-17,0.9941669995896518,0.9331670007668436,2.130708016920835,43.282041035126895,0.177707988768816,0.1255410024896264
5,random,6,31,484.910340871066,0.004602893822173123,ok,3.7393059555707354e-16,0.0,0.004602893822173139,reference,8.226473102255618e-15,-1.5612511283791264e-17,0.004602893822173123,binding_ok,3.7393059555707354e-16,0.004602893476766779,3.4540634415158866e-10,-3.469446951953614e-18,1.3087570844497574e-15,-3.469446951953614e-18,0.9698329959064722,0.9002499864436686,2.1893339580856264,48.862875031773,0.1663339789956808,0.12174999574199319
5,random,7,31,231.37311430643976,0.01070348711494072,ok,2.539498703032061e-16,0.0,0.010703487114940721,reference,1.3967242866676338e-15,-1.734723475976807e-18,0.01070348711494072,binding_ok,2.539498703032061e-16,0.010703486363938539,7.510021805823275e-10,6.938893903907228e-18,9.52312013637023e-15,6.938893903907228e-18,1.0086669935844839,0.939957972150296,2.455958048813045,6.631208001635969,0.18283299868926406,0.12275000335648656
5,random,8,31,272.5386093238569,0.005362924688989665,ok,0.0,0.0,0.005362924688989674,reference,2.6515884686613512e-15,-9.540979117872439e-18,0.005362924688989665,binding_ok,0.0,0.005362921883885266,2.805104398762026e-09,0.0,0.0,0.0,1.2138339807279408,0.9884579922072589,2.1025000023655593,6.588707969058305,0.16520795179530978,0.12041698209941387
5,random,9,31,68991.11643858216,0.00798342012370826,ok,9.088358787758994e-16,0.0,0.007983420123708267,reference,9.76998569684092e-15,-6.938893903907228e-18,0.00798342012370826,binding_ok,9.088358787758994e-16,0.007983417769183748,2.354524512859779e-09,-2.5673907444456745e-16,2.810574955114469e-13,-2.5673907444456745e-16,1.01500004529953,0.9428750490769744,2.3081660037860274,13.277625024784356,0.1754160039126873,0.12283300748094916
5,random,10,31,2805.8571645249826,0.010435254229138793,ok,0.0,0.0,0.01043525422913921,reference,3.1067388398865505e-13,-4.180683577104105e-16,0.010435254229138793,binding_ok,0.0,0.010435252382653856,1.8464849371735426e-09,0.0,1.0545617243335202e-15,0.0,1.0617499938234687,1.1057910160161555,2.1706660045310855,9.037334006279707,0.1860830234363675,0.13133295578882098
5,random,11,31,180.3014603468437,0.008424333380499444,ok,2.05887641388992e-16,0.0,0.00842433338049949,reference,1.0726746116366484e-13,-4.683753385137379e-17,0.008424333380499444,binding_ok,0.0,0.008424329146481752,4.2340176920063755e-09,-1.9081958235744878e-17,4.63247193125232e-14,-1.9081958235744878e-17,1.0375829879194498,1.0702500003390014,2.6722910115495324,18.93129199743271,0.19283400615677238,0.1259999698959291
5,random,12,31,36.5269784477069,0.0086950060963953,ok,4.46413833855206e-16,0.0,0.008695006096395341,reference,9.181244516288737e-14,-4.163336342344337e-17,0.0086950060963953,binding_ok,4.46413833855206e-16,0.008695005696643984,3.9975131538305675e-10,-1.3877787807814457e-17,3.1100163758579353e-14,-1.3877787807814457e-17,1.039957976900041,0.955166993662715,2.4263750528916717,15.483708993997425,0.19979197531938553,0.13354199472814798
5,random,13,31,226307.66254406792,0.005161871941928232,ok,2.7116945257464185e-16,0.0,0.00516187194213159,reference,8.137619011620828e-11,-2.0335816364180914e-13,0.005161871941928232,binding_ok,2.7116945257464185e-16,0.005161871101066087,8.40862144670107e-10,-1.734723475976807e-18,2.7116945257464185e-16,-1.734723475976807e-18,1.0987919522449374,0.9905000333674252,2.613666991237551,60.17333298223093,0.18500001169741154,0.12562499614432454
5,random,14,31,286.81437872049815,0.009382588668044952,ok,0.0,0.0,0.009382588668044953,reference,0.0,-1.734723475976807e-18,0.00952385367612559,slack,0.0,0.009523853281091513,3.950340766306626e-10,8.795048023202412e-16,2.031900064368638e-11,0.0,1.0325000039301813,0.010957999620586634,2.447291975840926,8.334290992934257,0.179917027708143,0.013166980352252722
5,random,15,31,282.608487727107,0.004992913065509895,ok,1.371362360021875e-16,0.0,0.004992913065509971,reference,9.873808992157499e-15,-7.546047120499111e-17,0.004992913065509895,binding_ok,1.371362360021875e-16,0.004992911198729995,1.8667798999325025e-09,-1.734723475976807e-18,2.74272472004375e-16,-1.734723475976807e-18,1.02937500923872,0.9368750033900142,2.23762501263991,19.382249971386045,0.18687499687075615,0.1276669790968299
5,random,16,31,72.90574537510724,0.007045232178789216,ok,0.0,0.0,0.007045232178793914,reference,9.29362323602484e-13,-4.697631172945194e-15,0.007045232178789216,binding_ok,0.0,0.007045230335882559,1.8429066571401531e-09,-1.734723475976807e-18,2.6286588137533133e-16,-1.734723475976807e-18,1.0469169938005507,0.9655829635448754,2.1186249796301126,10.890040954109281,0.1823750208131969,0.1275840331800282
5,random,17,31,555.2741498893241,0.006546201491619008,ok,4.470608601693551e-16,0.0,0.0065462014916193405,reference,1.1154168461225411e-12,-3.3219954564955856e-16,0.006546201491619008,binding_ok,4.470608601693551e-16,0.006546197218431265,4.273187742889761e-09,-6.071532165918825e-18,2.294912415536023e-14,-6.071532165918825e-18,1.311417028773576,0.9798749815672636,2.688041015062481,19.34637496015057,0.17374998424202204,0.12408295879140496
5,random,18,31,60.67575790086036,0.008367564162329814,ok,2.2011586807643493e-16,0.0,0.008367564162330428,reference,9.905214063439573e-15,-6.140921104957897e-16,0.008367564162329814,binding_ok,0.0,0.008367564101207068,6.112274575365007e-11,1.214306433183765e-17,0.0,1.214306433183765e-17,1.309624989517033,0.8892499608919024,2.326499961782247,15.183084004092962,0.17591699725016952,0.11979200644418597
5,random,19,31,4578.555378988461,0.00874736015080904,ok,5.721044608882573e-16,0.0,0.008747360150879782,reference,1.5221560033552807e-10,-7.074202335033419e-14,0.00874736015080904,binding_ok,0.0,0.00874735989314692,2.5766211907141123e-10,-3.469446951953614e-18,1.3730507061318176e-14,-3.469446951953614e-18,0.9911249508149922,0.917916011530906,2.2295000380836427,24.49795900611207,0.18566701328381896,0.12216699542477727
5,random,20,31,163.32065847267182,0.008493154812822274,ok,2.159564180832707e-16,0.0,0.008493154812822468,reference,1.1769624785538255e-13,-1.942890293094024e-16,0.008493154812822274,binding_ok,2.159564180832707e-16,0.008493154516651023,2.961712507187908e-10,1.734723475976807e-18,1.2957385084996243e-15,1.734723475976807e-18,0.995666952803731,0.9702910319902003,2.136041992343962,25.34900000318885,0.18041703151538968,0.12325000716373324
5,near_singular,1,31,76190239.84709723,0.005096843297755057,ok,3.3727335453365057e-16,0.0,0.00509684329775506,reference,3.3727335453365056e-15,-3.469446951953614e-18,0.005096843297755057,binding_ok,3.3727335453365057e-16,0.005096843107164494,1.9059056329678858e-10,-2.6020852139652106e-18,1.79879122417947e-15,-2.6020852139652106e-18,1.0369999799877405,0.9726660209707916,2.1446250029839575,17.523542046546936,0.19641598919406533,0.12462504673749208
5,near_singular,2,31,93333547.64662062,0.008053380072709938,ok,1.1997412038120577e-16,0.0,0.008053380072709945,reference,8.998059028590432e-15,-6.938893903907228e-18,0.008053380072709938,binding_ok,0.0,0.008053377453779091,2.618930846493006e-09,-3.469446951953614e-18,8.158240185921993e-15,-3.469446951953614e-18,1.0914169833995402,1.0120829683728516,2.5299579720012844,16.631208010949194,0.175916007719934,0.1230000052601099
5,near_singular,3,31,44712237.16920985,0.00817791609872403,ok,2.8768245620132397e-15,0.0,0.008177916098806444,reference,2.450744132606221e-10,-8.241497762018213e-14,0.00817791609872403,binding_ok,2.8768245620132397e-15,0.008177914200433324,1.898290705182326e-09,-1.9605046752690924e-12,5.829889668686221e-09,-1.9605046752690924e-12,1.0720419813878834,0.9893330279737711,2.1974160335958004,30.87637497810647,0.16679096734151244,0.12304098345339298
5,near_singular,4,31,76508531.4766471,0.006168022249646627,ok,4.357188858319406e-15,0.0,0.0061680222496466285,reference,6.317923844563139e-15,-1.734723475976807e-18,0.006168022249646627,binding_ok,4.357188858319406e-15,0.006168021991514864,2.581317624927859e-10,9.637646583571247e-13,1.1184862406011762e-09,9.637646583571247e-13,1.0374999837949872,0.9810000192373991,2.1159580210223794,37.77333302423358,0.1771249808371067,0.12250000145286322
5,near_singular,5,31,95884207.08540618,0.006867252653712394,ok,1.1278363481203437e-14,0.0,0.006867252653718757,reference,9.398839871454609e-11,-6.3629657098829284e-15,0.006867252653712394,binding_ok,1.1278363481203437e-14,0.006867251163300347,1.4904120472503113e-09,-4.065678349540747e-12,6.006904150825415e-08,-4.065678349540747e-12,1.1077920207753778,0.9810000192373991,2.219584013801068,19.295458041597158,0.16079202760010958,0.11608301429077983
5,near_singular,6,31,50047480.512869716,0.006231236776291057,ok,2.8063836722392887e-16,0.0,0.006231236776291063,reference,1.0327491913840582e-13,-6.071532165918825e-18,0.006231236776291057,binding_ok,0.0,0.006231236195007092,5.812839645388812e-10,-4.374618080976722e-10,9.840329137824211e-06,-4.374618080976722e-10,1.38916599098593,1.0873330174945295,2.1229159901849926,16.766416956670582,0.16850000247359276,0.12270896695554256
5,near_singular,7,31,51533360.57818956,0.0075087435983574626,ok,2.8616854627810926e-15,0.0,0.0075087435983574626,reference,4.4025930196632195e-16,0.0,0.0075087435983574626,binding_ok,0.0,0.007508741308327053,2.290030409225763e-09,9.367506770274758e-17,1.2848967727887106e-12,9.367506770274758e-17,1.0415000142529607,0.9904999751597643,2.1089170477353036,6.550916994456202,0.1652080100029707,0.12350000906735659
5,near_singular,8,31,52821698.58355625,0.008342490685242794,ok,2.5065630385909137e-16,0.0,0.008342490685242796,reference,1.0026252154363655e-15,-1.734723475976807e-18,0.008605938930520324,slack,0.0,0.00860593880458473,1.25935595285398e-10,0.0,4.010500861745462e-15,0.0,1.0843329946510494,0.011167023330926895,2.2754590027034283,6.038666004315019,0.15616696327924728,0.011083029676228762
5,near_singular,9,31,82067712.84182061,0.007266585290583956,ok,9.442505511426017e-16,1.1102230246251565e-16,0.007266585290584057,reference,1.095330639325418e-13,-1.0061396160665481e-16,0.007266585290583956,binding_ok,0.0,0.007266584509708947,7.808750087517913e-10,-3.9898639947466563e-17,4.607942689575897e-14,-3.9898639947466563e-17,1.1559170088730752,1.0616660001687706,2.1512089879252017,20.014958980027586,0.16941700596362352,0.12574996799230576
5,near_singular,10,31,29717404.246386647,0.009066585087505095,ok,8.566363221702269e-16,0.0,0.009066585087505095,reference,2.1415908054255672e-16,0.0,0.009106963254556065,slack,0.0,0.009106960842131353,2.4124247113843644e-09,2.0816681711721685e-17,1.2763881200336382e-13,0.0,1.085457974113524,0.01133297337219119,2.343458996620029,5.832875031046569,0.1741659943945706,0.013832992408424616
5,near_singular,11,31,87927620.42772776,0.007469739912111486,ok,0.0,0.0,0.007469739912111487,reference,5.97651390265294e-16,-8.673617379884035e-19,0.007469739912111486,binding_ok,0.0,0.007469739810301822,1.0180966399792046e-10,-2.1684043449710089e-16,2.35076213504349e-13,-2.1684043449710089e-16,1.1699580354616046,1.0259999544359744,2.230999991297722,6.44966698018834,0.17437501810491085,0.12416701065376401
5,near_singular,12,31,80226949.92863475,0.010138586703463901,ok,0.0,0.0,0.010138586703463905,reference,4.877779491765548e-15,-3.469446951953614e-18,0.010138586703463901,binding_ok,0.0,0.01013858377444007,2.9290238307694283e-09,-6.938893903907228e-18,1.2936719521639064e-14,-6.938893903907228e-18,1.0883749928325415,1.1318339966237545,2.6099999668076634,6.70087500475347,0.177707988768816,0.12729200534522533
5,near_singular,13,31,55235036.4601238,0.014000424705120827,ok,2.6467119082910297e-16,0.0,0.01400042470512645,reference,2.9187938924633476e-12,-5.622238785640832e-15,0.014000424705120827,binding_ok,0.0,0.014000422842981503,1.862139324682044e-09,1.734723475976807e-17,9.395827274433155e-15,1.734723475976807e-17,1.119250024203211,1.077457971405238,2.267082978505641,13.714459026232362,0.1626670127734542,0.20108302123844624
5,near_singular,14,31,47455573.6241685,0.010429391455579636,ok,5.184577430795934e-15,0.0,0.010429391455579638,reference,3.703269593425667e-16,-1.734723475976807e-18,0.010598603963042262,slack,0.0,0.010598601668937556,2.294104706548894e-09,2.7755575615628914e-17,2.1608578077638768e-13,0.0,1.0810419917106628,0.011124997399747372,2.521166985388845,6.5648339805193245,0.17924996791407466,0.013290962669998407
5,near_singular,15,31,75709258.40891038,0.007269402245371455,ok,3.098507995599989e-16,0.0,0.007269402245371455,reference,6.197015991199978e-16,0.0,0.007377649813709445,slack,0.0,0.007377646678012756,3.1356966892839844e-09,2.945386989861021e-14,3.888667815081929e-10,0.0,1.096000021789223,0.01129199517890811,2.343208994716406,7.028333027847111,0.1793749979697168,0.013999990187585354
5,near_singular,16,31,51478837.46529744,0.009835956537854575,ok,1.7277210264709669e-16,0.0,0.009835956537854577,reference,0.0,-1.734723475976807e-18,0.009835956537854575,binding_ok,1.7277210264709669e-16,0.009835955562942344,9.749122308055913e-10,4.4651782271643015e-15,2.062570638611305e-11,4.4651782271643015e-15,1.09570799395442,1.0273749940097332,2.530790981836617,5.368084006477147,0.16566598787903786,0.12316700303927064
5,near_singular,17,31,107923139.61367553,0.005877434954814497,ok,4.1054866756741283e-16,0.0,0.005877434954814616,reference,2.1950668759271006e-13,-1.1882855810441129e-16,0.005877434954814497,binding_ok,0.0,0.005877434761366706,1.9344779163960046e-10,0.0,4.1054866756741283e-16,0.0,1.0762919555418193,1.12354097655043,2.115875016897917,19.556957995519042,1.103250018786639,1.0187500156462193
5,near_singular,18,31,25675147.62925711,0.007159186012081996,ok,1.1832533533888364e-16,0.0,0.007159186012081997,reference,8.637749479738505e-15,-1.734723475976807e-18,0.007159186012081996,binding_ok,0.0,0.0071591846745490085,1.337532987144563e-09,-6.071532165918825e-18,1.1832533533888363e-14,-6.071532165918825e-18,1.0977500351145864,1.0001669870689511,2.2214999771676958,7.211834017653018,0.1901250216178596,0.13391702668741345
5,near_singular,19,31,117795227.81010479,0.013651716471142866,ok,2.1695870470239386e-15,0.0,0.013651716473295284,reference,3.5321697952649177e-09,-2.1524188681398826e-12,0.013651716471142866,binding_ok,0.0,0.013651716416106074,5.503679109675197e-11,0.0,2.1695870470239386e-15,0.0,1.0955409961752594,1.034458982758224,2.298999985214323,37.02016599709168,1.1497919913381338,1.025790988933295
5,near_singular,20,31,62372541.61836448,0.006640386064618876,ok,0.0,0.0,0.006640386064618903,reference,7.857224276151896e-14,-2.688821387764051e-17,0.006640386064618876,binding_ok,0.0,0.0066403855363100514,5.283088246391121e-10,-4.1710020853846785e-12,1.1159617685570694e-08,-4.1710020853846785e-12,1.0154580231755972,1.0092080337926745,2.4708749842830002,19.718000025022775,0.1774590346030891,0.12450001668184996
5,duplicate,1,31,3.0490336262203044e+16,0.012141468088264683,ok,2.8533176104798615e-16,0.0,0.012141468088264695,reference,3.566647013099827e-15,-1.214306433183765e-17,0.012141468088264683,binding_ok,0.0,0.012141464407777285,3.680487397489385e-09,0.0,2.8533176104798615e-16,0.0,0.9138750028796494,0.8440000237897038,2.183999982662499,6.960792001336813,0.9880000143311918,0.9119169553741813
5,duplicate,2,31,1.3100295996086998e+16,0.004489907863248198,ok,0.0,2.220446049250313e-16,0.004489907863248212,reference,8.595701463174742e-15,-1.3877787807814457e-17,0.004489907863248198,binding_ok,0.0,0.004489905434564181,2.428684016918259e-09,0.0,0.0,0.0,0.8660000166855752,0.8429159643128514,2.4247909896075726,10.963083012029529,1.0234999936074018,0.864707981236279
5,duplicate,3,31,6.140001592327571e+297,0.004996003497028852,ok,5.024966788753151e-16,0.0,0.003276834499021418,reference,8.793691880318015e-16,0.0017191689980074337,0.004996003497028852,binding_ok,5.024966788753151e-16,0.004996002536127684,9.609011676625645e-10,0.0,5.024966788753151e-16,0.0,0.8644170011393726,0.854582991451025,2.2141250083222985,7.3603749624453485,1.012708991765976,0.8579170098528266
5,duplicate,4,31,2.0385352174668316e+16,0.008544803429872112,ok,7.096769585900511e-16,0.0,0.008544803429872114,reference,4.967738710130358e-15,-1.734723475976807e-18,0.008544803429872112,binding_ok,0.0,0.008544803235276068,1.9459604413962772e-10,0.0,7.096769585900511e-16,0.0,0.9164169896394014,0.8501249831169844,2.358083031140268,7.394750020466745,0.9805409936234355,0.8625000482425094
5,duplicate,5,31,7.820528866992859e+297,0.007281821178389656,ok,1.8399553449305885e-16,0.0,0.00728182117838966,reference,1.2879687414514119e-15,-3.469446951953614e-18,0.008445775812700252,slack,0.0,0.008445775722003555,9.069669668071434e-11,0.0,1.8399553449305885e-16,0.0,0.8658749866299331,0.010208983439952135,2.162999997381121,5.94683300005272,0.9507079957984388,0.009541981853544712
5,duplicate,6,31,2.1137177240379612e+16,0.00890730714064488,ok,9.703761386333526e-16,0.0,0.00890730714064488,reference,0.0,0.0,0.00890730714064488,binding_ok,9.703761386333526e-16,0.008907307010081411,1.3056346802320373e-10,0.0,9.703761386333526e-16,0.0,0.8838329813443124,0.8735000155866146,2.2032500128261745,6.313209014479071,0.9411670034751296,0.8754589944146574
5,duplicate,7,31,1.1548337769404866e+16,0.006645400633293083,ok,0.0,0.0,0.006645400633293091,reference,1.7459313097541246e-15,-7.806255641895632e-18,0.006645400633293083,binding_ok,0.0,0.006645394532164204,6.101128879019979e-09,0.0,0.0,0.0,0.8430829620920122,0.9401250281371176,2.2096249740570784,15.080250042956322,0.9601669735275209,0.8396659977734089
5,duplicate,8,31,1.4658800357963448e+16,0.00786535894140594,ok,0.0,0.0,0.007865358941405942,reference,1.3841553663308967e-15,-1.734723475976807e-18,0.010399378125858451,slack,0.0,0.010399378100096304,2.5762147623509257e-11,0.0,0.0,0.0,0.9656249894760549,0.013165990822017193,2.218541980255395,7.4946669628843665,0.9391249623149633,0.010041985660791397
5,duplicate,9,31,2.057361296342206e+16,0.005353135132944613,ok,0.0,0.0,0.005353135132944619,reference,9.324283647783162e-15,-6.071532165918825e-18,0.005353135132944613,binding_ok,0.0,0.0053531348986919445,2.3425266847815207e-10,0.0,0.0,0.0,0.8168750209733844,0.8079169783741236,2.342624997254461,20.9649580065161,0.9169579716399312,0.8452920010313392
5,duplicate,10,31,6.5518626608595544e+16,0.007716226160985478,ok,1.2930076551415752e-15,0.0,0.00771622616098548,reference,0.0,-1.734723475976807e-18,0.007716226160985478,binding_ok,1.2930076551415752e-15,0.007716225544731082,6.16254396471061e-10,0.0,1.2930076551415752e-15,0.0,0.8736250456422567,0.885707966517657,2.3700830060988665,13.702374999411404,1.0442500351928174,0.8645419729873538
5,duplicate,11,31,1.291642434386013e+16,0.007825765945429681,ok,1.9718655769435722e-16,0.0,0.007825765945429688,reference,7.295902634691217e-15,-6.938893903907228e-18,0.007825765945429681,binding_ok,0.0,0.007825761291597837,4.6538318441979865e-09,0.0,1.9718655769435722e-16,0.0,0.8647500071674585,0.8610840304754674,3.213374991901219,81.67895796941593,2.980917051900178,1.0681250132620335
5,duplicate,12,31,1.6371159679215465e+18,0.011983740154895945,ok,0.0,0.0,0.01198374015489596,reference,1.1303067734252389e-14,-1.5612511283791264e-17,0.011983740154895945,binding_ok,0.0,0.011983735454851952,4.700043992889036e-09,0.0,0.0,0.0,5.478833976667374,3.5177090321667492,6.2234579818323255,12.308375036809593,1.1190840159542859,1.19983300101012
5,duplicate,13,31,1.1421805421738827e+298,0.010391842465230674,ok,3.4687996924821663e-16,0.0,0.010391842465230677,reference,1.04063990774465e-15,-3.469446951953614e-18,0.010391842465230674,binding_ok,0.0,0.010391842280537467,1.8469320690883695e-10,0.0,3.4687996924821663e-16,0.0,1.0025000083260238,0.920834019780159,2.67687498126179,8.551916980650276,1.2202920042909682,0.8617079583927989
5,duplicate,14,31,3.591876417865258e+297,0.005215604283865633,ok,0.0,0.0,0.0052156042838656415,reference,9.344267707338761e-15,-8.673617379884035e-18,0.005215604283865633,binding_ok,0.0,0.00521560124842418,3.0354414528796503e-09,0.0,0.0,0.0,0.9549579699523747,0.8946669986471534,2.3663329775445163,32.83104201545939,0.9794170036911964,0.8638750296086073
5,duplicate,15,31,3.3997328533175732e+16,0.00038881707231699594,ok,1.4486380320206126e-16,0.0,0.00038881707231700304,reference,6.374007340890695e-15,-7.101524229780054e-18,0.00038881707231699594,binding_ok,0.0,0.00038881660626455646,4.66052439479156e-10,0.0,1.4486380320206126e-16,0.0,0.8486669976264238,0.8356250473298132,2.4050420033745468,16.90166600747034,1.1764999944716692,1.2977090082131326
5,duplicate,16,31,6.810174618276654e+297,0.0067844946936541995,ok,3.4084650840173777e-16,0.0,0.006784494693654288,reference,3.658419190178652e-13,-8.847089727481716e-17,0.0067844946936541995,binding_ok,3.4084650840173777e-16,0.006784489808761227,4.884892972761845e-09,0.0,3.4084650840173777e-16,0.0,1.1348749976605177,0.8822919917292893,2.36979202600196,31.672417011577636,0.9684580145403743,0.9267499553970993
5,duplicate,17,31,1.7435340500834942e+16,0.009932253046665118,ok,1.3068890246642597e-16,0.0,0.009932253046665247,reference,6.19465397690859e-14,-1.2836953722228372e-16,0.009932253046665118,binding_ok,1.3068890246642597e-16,0.009932252455541206,5.911239119721357e-10,0.0,1.3068890246642597e-16,0.0,0.9619159973226488,0.8590830257162452,2.7930420474149287,15.103875019121915,0.9338330128230155,0.829583965241909
5,duplicate,18,31,6183341501730747.0,0.006396967119245941,ok,2.647467400293648e-16,0.0,0.006396967119245947,reference,4.8978146905432496e-15,-6.071532165918825e-18,0.006396967119245941,binding_ok,2.647467400293648e-16,0.0063969656573201,1.4619258408010705e-09,0.0,2.647467400293648e-16,0.0,0.8559580310247838,0.8499170071445405,2.2837499855086207,6.678166973870248,0.9762910194694996,0.8570419740863144
5,duplicate,19,31,7.39420029695501e+297,0.007661635589938805,ok,1.5273802126000446e-16,0.0,0.007661635589938807,reference,9.164281275600267e-16,-1.734723475976807e-18,0.007661635589938805,binding_ok,0.0,0.007661635410962334,1.789764716639275e-10,0.0,1.5273802126000446e-16,0.0,0.8668340160511434,0.8605839684605598,3.472750016953796,13.10645800549537,1.0245410376228392,0.8680409519001842
5,duplicate,20,31,5.317570846987123e+297,0.004372065577841404,ok,8.234650811912442e-16,0.0,0.004372065577841416,reference,6.038743928735791e-15,-1.214306433183765e-17,0.004372065577841404,binding_ok,8.234650811912442e-16,0.004372065379870942,1.979704620722056e-10,0.0,8.234650811912442e-16,0.0,0.8376670302823186,0.8402920211665332,2.507750003132969,88.8412919593975,0.9637079783715308,0.8222499745897949
5,zero_variance,1,31,3.04017059494157e+297,0.012837492309924963,ok,3.52665878590555e-16,0.0,0.01283749230992496,reference,1.057997635771665e-15,3.469446951953614e-18,0.012837492309924963,binding_ok,3.52665878590555e-16,0.012837491050614621,1.259310341769626e-09,0.0,3.52665878590555e-16,0.0,1.0493749869056046,1.0882499627768993,2.24958301987499,6.933624972589314,1.1410829611122608,1.5087919891811907
5,zero_variance,2,31,2.055852318326519e+297,0.0069931153343754165,ok,1.1369059144521472e-16,0.0,0.006993115334375419,reference,1.5916682802330062e-15,-2.6020852139652106e-18,0.009617788704245326,slack,0.0,0.00961778847132702,2.3291830617000464e-10,0.0,1.1369059144521472e-16,0.0,1.1903329868800938,0.014625024050474167,3.5614590160548687,7.348790997639298,1.2552919797599316,0.012042000889778137
5,zero_variance,3,31,3.267999716377392e+297,0.007787920426302042,ok,1.9150782863619868e-16,0.0,0.0077879204263020425,reference,1.1490469718171921e-15,-8.673617379884035e-19,0.00782376555820283,slack,0.0,0.007823765440251576,1.1795125293145858e-10,0.0,1.9150782863619868e-16,0.0,1.0982920066453516,0.012417032849043608,2.4016249808482826,6.390833004843444,1.2895000400021672,0.014165998436510563
5,zero_variance,4,31,4.378454402270303e+297,0.007490721456360478,ok,6.532491798990115e-16,0.0,0.0074907214563605115,reference,1.8029677365212718e-14,-3.382710778154774e-17,0.007490721456360478,binding_ok,6.532491798990115e-16,0.007490720681277231,7.750832467165458e-10,0.0,6.532491798990115e-16,0.0,1.0117909987457097,1.6367079806514084,2.4584169732406735,28.78454199526459,1.1172500089742243,1.001166005153209
5,zero_variance,5,31,4.548376903226607e+297,0.008120168243913059,ok,3.880552361870788e-16,0.0,0.008120168243913059,reference,1.7462485628418544e-15,0.0,0.009087731144448968,slack,0.0,0.009087729650374311,1.4940746573960384e-09,0.0,3.880552361870788e-16,0.0,1.02583400439471,0.0118750031106174,2.471083018463105,6.5036669839173555,1.177125028334558,0.0112500274553895
5,zero_variance,6,31,4.515393902667587e+297,0.009492918465573513,ok,4.501781498064548e-16,0.0,0.009492918465573512,reference,1.5005938326881829e-15,1.734723475976807e-18,0.009492918465573513,binding_ok,4.501781498064548e-16,0.0094929184015893,6.398421376063723e-11,0.0,4.501781498064548e-16,0.0,1.0151249589398503,1.0131250019185245,2.5869159726426005,7.593457994516939,1.2459170538932085,1.0772080277092755
5,zero_variance,7,31,3.9401862918388835e+297,0.008203634041724021,ok,3.564541454585799e-16,0.0,0.008203634041724025,reference,5.525039254607988e-15,-3.469446951953614e-18,0.008203634041724021,binding_ok,3.564541454585799e-16,0.008203633711990052,3.297339692953649e-10,0.0,3.564541454585799e-16,0.0,1.099332992453128,1.1497919913381338,5.095917033031583,20.533292030449957,1.0999999940395355,1.1190000222995877
5,zero_variance,8,31,5.999107759293179e+297,0.009824457040705895,ok,2.3109459807362734e-16,0.0,0.009824457040705909,reference,7.510574437392889e-15,-1.3877787807814457e-17,0.009824457040705895,binding_ok,0.0,0.009824455525718031,1.5149878643261339e-09,0.0,2.3109459807362734e-16,0.0,1.0150830494239926,0.982708006631583,2.3416250478476286,8.505334029905498,1.1173749808222055,1.023207965772599
5,zero_variance,9,31,5.290345626920493e+297,0.0065474398760329445,ok,0.0,0.0,0.006547439876032954,reference,3.262720413473992e-15,-9.540979117872439e-18,0.0065474398760329445,binding_ok,0.0,0.006547439094999301,7.810336431421372e-10,0.0,0.0,0.0,1.049333019182086,1.0604169801808894,2.6281250175088644,7.896916999015957,1.4606249751523137,2.377792028710246
5,zero_variance,10,31,9.03074811171476e+297,0.00253680072175547,ok,0.0,0.0,0.00253680072175548,reference,5.775710719216686e-15,-9.974659986866641e-18,0.00253680072175547,binding_ok,0.0,0.002536797850516775,2.871238695151962e-09,0.0,0.0,0.0,1.9228329765610397,1.0255419765599072,3.131417033728212,68.00924998242408,1.2592910206876695,1.018584007397294
5,zero_variance,11,31,4.4414438905176734e+297,0.0037149147435760243,ok,6.088414142020138e-16,0.0,0.0037149147435760342,reference,6.240624495570642e-15,-9.974659986866641e-18,0.0037149147435760243,binding_ok,6.088414142020138e-16,0.0037149146428027795,1.0077324478358074e-10,0.0,6.088414142020138e-16,0.0,1.0202499688602984,0.9972910047508776,2.4857500102370977,53.91266703372821,1.171249954495579,1.0205410071648657
5,zero_variance,12,31,4.589693565682033e+297,0.008616615142929046,ok,2.8457006282319074e-16,0.0,0.008616615142944798,reference,2.7658929541131434e-11,-1.5751289161869408e-14,0.008616615142929046,binding_ok,0.0,0.008616614866034211,2.7689483518555935e-10,0.0,2.8457006282319074e-16,0.0,0.9761250112205744,0.9741249959915876,2.69799999659881,16.986333997920156,1.1349170235916972,0.9706250275485218
5,zero_variance,13,31,5.347709416054596e+297,0.010246328418531122,ok,0.0,0.0,0.01024632841853189,reference,1.2292810800886025e-12,-7.684824998577255e-16,0.010246328418531122,binding_ok,0.0,0.010246327905625227,5.129058948394327e-10,0.0,0.0,0.0,0.9820410050451756,1.013041997794062,2.5251250481233,8.232915948610753,1.1776249739341438,1.007749990094453
5,zero_variance,14,31,5.243303485655146e+297,0.010167955948332766,ok,3.7190640029221155e-16,0.0,0.010167955948332768,reference,1.8595320014610578e-16,-1.734723475976807e-18,0.010209663810748226,slack,0.0,0.010209663381139399,4.2960882767895114e-10,0.0,3.7190640029221155e-16,0.0,0.9895830298773944,0.01029198756441474,2.278667001519352,7.212167023681104,1.1024170089513063,0.010458054021000862
5,zero_variance,15,31,3.599722270572325e+297,0.0031343745127151513,ok,1.8314835285327055e-16,0.0,0.003134374512715368,reference,1.4377145698981737e-13,-2.1684043449710089e-16,0.0031343745127151513,binding_ok,1.8314835285327055e-16,0.003134371769672333,2.743042818061092e-09,0.0,1.8314835285327055e-16,0.0,1.0347500210627913,1.0202080011367798,2.588749979622662,10.719374986365438,1.103583024814725,1.0018330067396164
5,zero_variance,16,31,6.270086451635917e+297,0.005482536746679929,ok,0.0,0.0,0.005482536746679931,reference,2.952851811779601e-15,-1.734723475976807e-18,0.006729891461400121,slack,0.0,0.006729889444725162,2.0166749589711763e-09,0.0,0.0,0.0,1.0893339640460908,0.012666976545006037,2.42020795121789,7.647041988093406,1.0818750015459955,0.010541989468038082
5,zero_variance,17,31,6.491256019296996e+297,0.005801862812261678,ok,1.4435790217340343e-16,0.0,0.0058018628122617245,reference,1.3367541741257158e-13,-4.683753385137379e-17,0.005801862812261678,binding_ok,1.4435790217340343e-16,0.005801862720740937,9.152074063878413e-11,0.0,1.4435790217340343e-16,0.0,1.0056670289486647,0.9981670300476253,2.1590410033240914,17.711207969114184,1.1099579860456288,1.028333033900708
5,zero_variance,18,31,5.313722766059771e+297,0.009071386685622206,ok,0.0,0.0,0.00907138668562246,reference,3.074006614505545e-13,-2.5500435096859064e-16,0.009071386685622206,binding_ok,0.0,0.009071382652949454,4.03267275128627e-09,0.0,0.0,0.0,1.0308329947292805,1.0155420168302953,2.4813750060275197,12.62733299518004,1.126666960772127,0.9875000105239451
5,zero_variance,19,31,2.1522253876746405e+297,0.007891534014151266,ok,3.1727291121135173e-16,0.0,0.00789153401415128,reference,3.870729516778491e-14,-1.3877787807814457e-17,0.007891534014151266,binding_ok,0.0,0.007891532974659518,1.039491747886756e-09,0.0,3.1727291121135173e-16,0.0,0.9876670083031058,1.0162910330109298,2.5124999810941517,15.11154102627188,1.08879100298509,0.9982920018956065
5,zero_variance,20,31,5.234705848685304e+297,0.0038384751977604847,ok,1.7659523977864935e-16,0.0,0.0038384751977605493,reference,2.940310742314512e-13,-6.461844948013606e-17,0.0038384751977604847,binding_ok,1.7659523977864935e-16,0.003838474885097586,3.1266289860984453e-10,0.0,1.7659523977864935e-16,0.0,1.1290420079603791,1.1164589668624103,2.5490839616395533,15.093000023625791,1.1552920332178473,1.0632920311763883
5,tied_means,1,31,15674.566708863313,0.010135571735413162,degenerate_face,1.132632800964878e-16,0.0,0.010135571735413164,reference,3.964214803377073e-14,-1.734723475976807e-18,0.010135571735413162,slack,0.0,0.0101355716678675,6.754566177213928e-11,0.0,1.132632800964878e-16,0.0,1.0872500133700669,0.0639590434730053,2.2662499686703086,22.121874964796007,1.2196250027045608,0.0622920342721045
5,tied_means,2,31,932.6950167336228,0.008879272079595055,ok,5.427099739500447e-16,0.0,0.008879272079595086,reference,1.5376782595251267e-14,-3.122502256758253e-17,0.008879272079595055,binding_ok,5.427099739500447e-16,0.008879268399909417,3.6796856377890874e-09,0.0,5.427099739500447e-16,0.0,1.0585829732008278,1.098875014577061,2.6076670037582517,21.653292002156377,1.2131249532103539,1.1070830514654517
5,tied_means,3,31,1166.4188569196776,0.009500349783979392,ok,3.615311371866145e-16,2.220446049250313e-16,0.009500349783979432,reference,9.942106272631898e-15,-3.9898639947466563e-17,0.009500349783979392,binding_ok,3.615311371866145e-16,0.009500345327864661,4.456114730683192e-09,0.0,3.615311371866145e-16,0.0,1.139042025897652,1.0656249942258,2.1880000131204724,26.663457974791527,1.2381249689497054,1.3929170090705156
5,tied_means,4,31,791.3320839397135,0.009902315034327694,ok,8.568181541218392e-16,0.0,0.009902315034327897,reference,4.826028253091259e-13,-2.0296264668928643e-16,0.009902315034327694,binding_ok,0.0,0.00990231443440471,5.999229828190789e-10,0.0,8.568181541218392e-16,0.0,1.5320840175263584,1.1716660228557885,2.4477079859934747,27.753125003073364,2.4852919741533697,2.4942909949459136
5,tied_means,5,31,362.8923091984232,0.0061671935815527405,ok,2.429894306258436e-16,0.0,0.006167193581552768,reference,8.14014592596576e-15,-2.7755575615628914e-17,0.0061671935815527405,binding_ok,0.0,0.006167192058204528,1.5233482123303e-09,0.0,2.429894306258436e-16,0.0,1.8350000027567148,1.3214999926276505,2.179417002480477,15.826541988644749,1.1372920125722885,1.3371249660849571
5,tied_means,6,31,154.26578911524,0.009531966567617109,ok,3.701978609383828e-16,0.0,0.00953196656761717,reference,9.995342245336336e-15,-6.071532165918825e-17,0.009531966567617109,binding_ok,0.0,0.00953196233273925,4.2348778581113855e-09,0.0,3.701978609383828e-16,0.0,1.0321250301785767,1.0839159949682653,2.2412080434150994,22.893292014487088,1.1662920005619526,1.1186670162715018
5,tied_means,7,31,99.81578207382043,0.011759495442727641,ok,3.7072680965176233e-16,0.0,0.01175949544272773,reference,5.0418846112639676e-14,-8.847089727481716e-17,0.011759495442727641,binding_ok,3.7072680965176233e-16,0.011759495200151494,2.4257614666955973e-10,0.0,3.7072680965176233e-16,0.0,1.014875015243888,1.0821670293807983,2.457624999806285,12.067875009961426,1.1530419578775764,1.170957984868437
5,tied_means,8,31,288.4191234032451,0.008364463154856231,ok,2.6816539614098965e-16,0.0,0.008364463154859347,reference,3.412940996686375e-12,-3.1155633628543455e-15,0.008364463154856231,binding_ok,0.0,0.008364462493720432,6.611357988850486e-10,0.0,2.6816539614098965e-16,0.0,0.9889589855447412,1.0063330410048366,2.1447500330395997,19.82849999330938,1.0799170122481883,1.0533329914323986
5,tied_means,9,31,921.9143627954544,0.008668274721868794,ok,1.5163962556758163e-16,0.0,0.008668274721868856,reference,1.0872561153195603e-13,-6.245004513516506e-17,0.008668274721868794,binding_ok,0.0,0.008668274492401002,2.2946779199006784e-10,0.0,1.5163962556758163e-16,0.0,1.0410419781692326,1.065291988197714,2.5565000250935555,27.091166004538536,1.2926660128869116,1.1588750057853758
5,tied_means,10,31,21.811011662121203,0.014384155312148188,degenerate_face,0.0,0.0,0.01438415531214819,reference,2.0580220456051428e-16,-1.734723475976807e-18,0.014384155312148187,slack,0.0,0.014384155159499175,1.5264901148670518e-10,0.0,0.0,0.0,1.04674999602139,0.057541008573025465,2.2305420134216547,15.63325000461191,1.2834160006605089,0.07000000914558768
5,tied_means,11,31,65.53618424825952,0.01656395033663125,ok,7.329885498478434e-16,0.0,0.016563950336637153,reference,2.5576413799357415e-12,-5.901529265273098e-15,0.01656395033663125,binding_ok,7.329885498478434e-16,0.016563948575064977,1.7615662747938465e-09,0.0,7.329885498478434e-16,0.0,1.0309999925084412,1.0546669946052134,2.317999955266714,15.586416993755847,1.1704170028679073,1.0921250213868916
5,tied_means,12,31,130.47906743280163,0.0076339577554454295,ok,3.194944868694942e-16,0.0,0.007633957755445453,reference,2.7476525870776503e-14,-2.3418766925686896e-17,0.0076339577554454295,binding_ok,3.194944868694942e-16,0.0076339570049068495,7.505385800701814e-10,0.0,3.194944868694942e-16,0.0,1.0938330087810755,1.106875017285347,2.3257919820025563,11.754000035580248,1.4278750168159604,1.5939580043777823
5,tied_means,13,31,731.46613028317,0.00630569016084335,ok,5.219255051811847e-16,0.0,0.006305690160844292,reference,4.87826372176014e-13,-9.419548474554063e-16,0.00630569016084335,binding_ok,0.0,0.006305688215389718,1.9454536323917915e-09,0.0,5.219255051811847e-16,0.0,2.6540420367382467,1.8211670103482902,2.7674169978126884,17.80683296965435,1.2120419996790588,1.8983340123668313
5,tied_means,14,31,576.1552905184748,0.013845082921246915,ok,4.907760498445715e-16,0.0,0.01384508292124709,reference,5.356820584053498e-13,-1.7520707107365752e-16,0.013845082921246915,binding_ok,4.907760498445715e-16,0.013845078709167569,4.2120793467687045e-09,0.0,4.907760498445715e-16,0.0,3.0092080123722553,2.668583008926362,3.562666999641806,14.93674999801442,1.3738750130869448,1.212625007610768
5,tied_means,15,31,801.2496688515347,0.013763806113243238,degenerate_face,0.0,0.0,0.01376380611324324,reference,0.0,-1.734723475976807e-18,0.013763806113243238,slack,0.0,0.013763805718705807,3.9453743050366086e-10,0.0,0.0,0.0,1.055500004440546,0.06204098463058472,2.450083033181727,9.852792019955814,1.4725829823873937,0.06375001976266503
5,tied_means,16,31,19196.10315252203,0.009883052422669205,degenerate_face,0.0,0.0,0.009883052422669205,reference,2.9613983947710936e-16,0.0,0.009883052422669205,slack,0.0,0.009883052311982278,1.1068692663818158e-10,0.0,0.0,0.0,1.2674169847741723,0.08366699330508709,2.536332991439849,12.469500012230128,1.8323329859413207,0.1609169994480908
5,tied_means,17,31,172.83443840371348,0.010124276598942945,ok,2.5233514518696355e-16,0.0,0.010124276598943082,reference,6.623797561157793e-14,-1.3704315460216776e-16,0.010124276598942945,binding_ok,0.0,0.010124275401882012,1.197060933016969e-09,0.0,2.5233514518696355e-16,0.0,1.324457989539951,1.8538330332376063,2.9062500107102096,18.733042001258582,1.149624993558973,1.1015000054612756
5,tied_means,18,31,11120.373074154164,0.011989058279991666,ok,4.37846612656504e-16,0.0,0.01198905827999179,reference,3.648721772137533e-14,-1.249000902703301e-16,0.011989058279991666,binding_ok,0.0,0.01198905793258349,3.4740817514422595e-10,0.0,4.37846612656504e-16,0.0,1.0007499950006604,1.0304159950464964,2.173667016904801,12.368583003990352,1.1461669928394258,1.079792040400207
5,tied_means,19,31,293.82944902530073,0.011136629348649304,degenerate_face,2.622817242249852e-16,1.1102230246251565e-16,0.011136629348649308,reference,6.268533208977147e-14,-3.469446951953614e-18,0.011136629348649304,slack,0.0,0.011136626522321471,2.8263278332302244e-09,0.0,2.622817242249852e-16,0.0,1.0615420178510249,0.0607079709880054,2.324833010789007,13.976957998238504,1.3042910140939057,0.06870803190395236
5,tied_means,20,31,266.3610769852732,0.005910027083072012,ok,1.2386281358831398e-16,0.0,0.00591002708307203,reference,9.289711019123548e-15,-1.8214596497756474e-17,0.005910027083072012,binding_ok,1.2386281358831398e-16,0.0059100262875380885,7.955339234588799e-10,0.0,1.2386281358831398e-16,0.0,0.9880419820547104,1.0166249703615904,2.165707992389798,9.854041039943695,1.108915952499956,1.1881249956786633
5,boundary,1,31,365.53122440911534,0.010272107665090803,ok,2.8856785237598916e-16,0.0,0.010272107665090803,reference,2.8856785237598916e-16,0.0,0.010272107665090803,slack,0.0,0.01027210743790255,2.2718825258560837e-10,0.0,2.8856785237598916e-16,0.0,1.1822080123238266,0.012042000889778137,2.558082982432097,7.141000009141862,0.17070799367502332,0.01066701952368021
5,boundary,2,31,225.99935699661575,0.011263651773605334,ok,0.0,0.0,0.011263651773605334,reference,0.0,0.0,0.011263651773605334,slack,0.0,0.011263648982120369,2.7914849650562124e-09,0.0,0.0,0.0,1.065333024598658,0.011499971151351929,2.1389590110629797,7.294374983757734,0.17154199304059148,0.011041993275284767
5,boundary,3,31,27.439121567639603,0.013625448684159807,ok,1.7951673656725974e-16,0.0,0.012052388525550371,reference,1.6156506291053377e-15,0.0015730601586094357,0.013625448684159807,slack,1.7951673656725974e-16,0.013625448422243527,2.619162803307873e-10,0.0,1.7951673656725974e-16,0.0,1.052499981597066,0.011124997399747372,2.117458963766694,6.044584035407752,0.15899998834356666,0.009958981536328793
5,boundary,4,31,616.2816660256302,0.009627479327279054,ok,1.2584774226014376e-16,0.0,0.009627479327279054,reference,1.2584774226014376e-16,0.0,0.009627479327279054,slack,1.2584774226014376e-16,0.009627478106532757,1.2207462974506145e-09,0.0,1.2584774226014376e-16,0.0,1.0349160293117166,0.010875053703784943,2.1012090146541595,6.087415968067944,0.1811669790185988,0.011583033483475447
5,boundary,5,31,39.44776402827557,0.012353672969401576,ok,1.8310156469495086e-16,0.0,0.01134919362141433,reference,1.4648125175596069e-15,0.0010044793479872458,0.012353672969401576,slack,0.0,0.01235366813878027,4.830621305740301e-09,0.0,1.8310156469495086e-16,0.0,1.0610420140437782,0.011666968930512667,2.1877079852856696,6.775249959900975,0.17391599249094725,0.012166041415184736
5,boundary,6,31,210.31061470266894,0.00784770732959751,ok,1.3286829679242186e-16,0.0,0.00784770732959751,reference,1.3286829679242186e-16,0.0,0.00784770732959751,slack,1.3286829679242186e-16,0.007847707198041209,1.3155630057548606e-10,0.0,1.3286829679242186e-16,0.0,1.0717500117607415,0.012917036656290293,2.326957997865975,7.964333985000849,0.36862498382106423,0.012499978765845299
5,boundary,7,31,99.33093263411793,0.007592574098345196,ok,1.391924139674536e-16,0.0,0.007362343057019314,reference,2.783848279349072e-16,0.00023023104132588196,0.007592574098345196,slack,0.0,0.007592573690192854,4.0815234178537274e-10,0.0,1.391924139674536e-16,0.0,1.1607920168899,0.012082979083061218,2.323749999050051,7.406375021673739,0.15762500697746873,0.010541989468038082
5,boundary,8,31,69.70440263670886,0.008147701548359441,ok,2.2547261720015334e-16,0.0,0.008103443455386087,reference,1.3598028070724048e-11,4.4258092973354854e-05,0.008147701548359441,slack,0.0,0.00814770119895835,3.494010913929202e-10,0.0,2.2547261720015334e-16,0.0,1.0352919925935566,0.010665971785783768,2.210958977229893,10.490374988876283,0.17770897829905152,0.011417025234550238
5,boundary,9,31,51.99303573615095,0.009565541636374752,ok,3.169689239742958e-16,0.0,0.009535332231051368,reference,0.0,3.0209405323384023e-05,0.009565541636374752,slack,0.0,0.009565539272256908,2.364117844197433e-09,0.0,3.169689239742958e-16,0.0,1.0610830504447222,0.011167023330926895,2.153416979126632,8.30462499288842,0.18174998695030808,0.011708005331456661
5,boundary,10,31,186.10385219078512,0.010321019460659865,ok,0.0,0.0,0.010321019460659865,reference,0.0,0.0,0.010321019460659865,slack,0.0,0.010321016790250218,2.6704096468821437e-09,0.0,0.0,0.0,1.0740000288933516,0.011541997082531452,2.2490830160677433,6.844708987046033,0.157458009198308,0.010374991688877344
5,boundary,11,31,150.63942415803123,0.008522843679064007,ok,0.0,0.0,0.008522843679064007,reference,2.4358247054987787e-16,0.0,0.008522843679064007,slack,0.0,0.008522843511997748,1.6706625839690847e-10,0.0,0.0,0.0,1.0561670060269535,0.010333023965358734,2.2089999984018505,7.401459035463631,0.17737504094839096,0.01129199517890811
5,boundary,12,31,1826.4751853663329,0.008465576918637625,ok,0.0,0.0,0.008465576918637625,reference,2.2268047398456273e-16,0.0,0.008465576918637625,slack,0.0,0.008465576277146421,6.414912039065523e-10,0.0,0.0,0.0,1.1490829638205469,0.012417032849043608,2.293666999321431,5.9892910066992044,0.16545801190659404,0.011458003427833319
5,boundary,13,31,2462.6241814205446,0.009921582990075246,ok,2.3017821223081916e-16,0.0,0.008888720179528919,reference,6.4449899424629364e-15,0.001032862810546327,0.009921582990075246,slack,2.3017821223081916e-16,0.009921578356038567,4.634036678691222e-09,0.0,2.3017821223081916e-16,0.0,1.4370839926414192,0.013167038559913635,2.4952079984359443,6.886750052217394,0.17708400264382362,0.011458003427833319
5,boundary,14,31,114.31999570753516,0.011362694370104417,ok,1.1196906681512742e-16,0.0,0.011362694370104417,reference,1.1196906681512742e-16,0.0,0.011362694370104417,slack,0.0,0.011362692983088462,1.3870159552148431e-09,0.0,1.1196906681512742e-16,0.0,1.0732919909060001,0.010999967344105244,2.114166971296072,6.740625016391277,0.16129098366945982,0.010624993592500687
5,boundary,15,31,136.2582601770497,0.006023230672299659,ok,1.2747628026440523e-16,0.0,0.006023230672299659,reference,5.099051210576209e-16,0.0,0.006023230672299659,slack,0.0,0.006023229137543522,1.5347561364148499e-09,0.0,1.2747628026440523e-16,0.0,1.04825000744313,0.01033296575769782,2.0907919970341027,6.97191699873656,0.16320898430421948,0.011082971468567848
5,boundary,16,31,2014.697987905319,0.009150199856814114,ok,0.0,0.0,0.008662436676241182,reference,1.6475481866990667e-14,0.00048776318057293204,0.009150199856814114,slack,0.0,0.009150199115210424,7.416036899160483e-10,0.0,0.0,0.0,1.0463329963386059,0.010666029993444681,2.0779999904334545,7.634999987203628,0.15158398309722543,0.009790994226932526
5,boundary,17,31,32.849572622047695,0.0099686400967954,ok,1.5608498201176871e-16,0.0,0.0099686400967954,reference,1.5608498201176871e-16,0.0,0.0099686400967954,slack,0.0,0.00996863515049009,4.946305311517851e-09,0.0,1.5608498201176871e-16,0.0,1.124541973695159,0.014542019926011562,2.1476669935509562,6.743167003151029,0.17291703261435032,0.01229200279340148
5,boundary,18,31,385.9393151122709,0.0061687428702148365,ok,0.0,0.0,0.005161353282004796,reference,2.8003527325462727e-16,0.0010073895882100406,0.0061687428702148365,slack,0.0,0.006168741947035774,9.231790627090009e-10,0.0,0.0,0.0,1.0630000033415854,0.011124997399747372,2.220582973677665,7.34370801365003,0.16383297042921185,0.009958050213754177
5,boundary,19,31,352.2535696890796,0.005064927901600618,ok,1.7711704056019705e-16,0.0,0.005064927901600619,reference,1.2398192839213793e-15,-8.673617379884035e-19,0.005064927901600618,slack,1.7711704056019705e-16,0.005064927353650994,5.479496240426429e-10,0.0,1.7711704056019705e-16,0.0,1.060916983988136,0.01029198756441474,2.069749985821545,19.09754198277369,0.17583300359547138,0.01191598130390048
5,boundary,20,31,222.1408947167565,0.008349403085818921,ok,1.8922049616964469e-16,0.0,0.007880482875784738,reference,3.2167484348839597e-15,0.0004689202100341839,0.008349403085818921,slack,0.0,0.008349400603371904,2.482447017046474e-09,0.0,1.8922049616964469e-16,0.0,1.0289159836247563,0.012416043318808079,2.61629099259153,5.833667004480958,0.17079099779948592,0.011625001206994057
6,random,1,63,1437.163894967961,0.008678435604030577,ok,3.532989752551447e-16,0.0,0.008678435604036326,reference,7.816622061194992e-12,-5.748873599387139e-15,0.008678435604030577,binding_ok,0.0,0.008678435440811368,1.6321920898176856e-10,-1.9081958235744878e-17,2.7086254769561095e-14,-1.9081958235744878e-17,2.4999160086736083,2.1786250290460885,2.3584580048918724,42.3485420178622,0.3132079727947712,0.16895803855732083
6,random,2,63,3304.0510309697165,0.0075030291498171565,ok,0.0,0.0,0.007503029149817183,reference,9.70467671734194e-15,-2.6020852139652106e-17,0.0075030291498171565,binding_ok,0.0,0.007503025892322682,3.257494474682987e-09,8.673617379884035e-19,4.621274627305686e-16,8.673617379884035e-19,2.3181670112535357,2.118749951478094,2.22041696542874,15.734000015072525,0.21287502022460103,0.16070797573775053
6,random,3,63,255.27893023035185,0.007663583756740052,ok,4.477556987322056e-16,0.0,0.007663583756740055,reference,3.693984514540696e-15,-2.6020852139652106e-18,0.007663583756740052,binding_ok,0.0,0.007663583130280303,6.264597495267421e-10,1.1275702593849246e-17,1.5223693756894988e-14,1.1275702593849246e-17,2.196374989580363,2.232541039120406,2.5214579654857516,8.66983295418322,0.2228330122306943,0.18450000789016485
6,random,4,63,466.3288984330444,0.008855290906922508,ok,1.3358422505786612e-16,0.0,0.008855290906922731,reference,1.6110257541978655e-13,-2.237793284010081e-16,0.008855290906922508,binding_ok,0.0,0.008855290641183058,2.657394495425569e-10,3.469446951953614e-18,1.7365949257522595e-15,3.469446951953614e-18,2.103665960021317,2.579374995548278,2.8915000148117542,15.780374989844859,0.23137498646974564,0.169374980032444
6,random,5,63,656.6902109454487,0.007170965973326437,ok,0.0,0.0,0.007170965973326437,reference,0.0,0.0,0.007170965973326437,binding_ok,0.0,0.007170965116705398,8.566210397270568e-10,2.42861286636753e-17,1.0479231920551314e-13,2.42861286636753e-17,2.2488339454866946,2.142583020031452,2.429625019431114,10.068458039313555,0.21754199406132102,0.16666698502376676
6,random,6,63,110.5440424773864,0.005455666913361345,ok,1.7019826932520996e-16,0.0,0.005455666913361435,reference,9.990638409389823e-14,-8.933825901280557e-17,0.005455666913361345,binding_ok,0.0,0.005455662438495448,4.474865897101388e-09,8.673617379884035e-19,5.105948079756299e-16,8.673617379884035e-19,2.1855829982087016,2.1115420386195183,2.1706249681301415,14.832458982709795,0.19450002582743764,0.1556670176796615
6,random,7,63,176.1128233636327,0.007135493561454346,ok,2.945143279632021e-16,0.0,0.007135493561454348,reference,1.4725716398160105e-16,-1.734723475976807e-18,0.007135493561454346,binding_ok,2.945143279632021e-16,0.007135492836938914,7.245154320240088e-10,-3.2959746043559335e-17,1.264939038601953e-13,-3.2959746043559335e-17,2.1266250405460596,2.2090839920565486,2.688791952095926,12.28399999672547,0.22562500089406967,0.16712502110749483
6,random,8,63,106.91852651350574,0.006947050932236352,ok,1.8410968569715467e-16,0.0,0.006947050932236993,reference,3.401794662626327e-12,-6.409803243734302e-16,0.006947050932236352,binding_ok,0.0,0.006947050722961409,2.0927494286115955e-10,1.3877787807814457e-17,7.990360359256512e-14,1.3877787807814457e-17,2.1598750026896596,2.164292032830417,2.37724999897182,28.409708000253886,0.22841600002720952,0.16554101603105664
6,random,9,63,1822.0324107909064,0.006935570293264876,ok,3.1543611870480553e-16,2.220446049250313e-16,0.0069355702932648935,reference,9.463083561144166e-15,-1.734723475976807e-17,0.006935570293264876,binding_ok,3.1543611870480553e-16,0.006935570110774051,1.8249082540250372e-10,-5.811323644522304e-17,2.996643127695652e-14,-5.811323644522304e-17,2.263166999910027,2.0902500255033374,2.3800419876351953,23.10537500306964,0.24079199647530913,0.1681250287219882
6,random,10,63,1381.161648697864,0.006436076031002574,ok,1.3100479405972088e-15,0.0,0.006436076031002577,reference,1.3100479405972088e-15,-2.6020852139652106e-18,0.006436076031002574,binding_ok,1.3100479405972088e-15,0.006436075908313702,1.2268887208261026e-10,1.734723475976807e-18,5.076435769814184e-15,1.734723475976807e-18,2.2129580029286444,2.0990840275771916,2.669750014320016,16.892582993023098,0.24112500250339508,0.16354199033230543
6,random,11,63,96.81395260347385,0.005328958978362098,ok,2.0001847998338262e-16,0.0,0.005328958978362125,reference,2.3402162158055766e-14,-2.688821387764051e-17,0.005328958978362098,binding_ok,0.0,0.005328958278531045,6.998310524836127e-10,1.734723475976807e-18,1.4001293598836782e-15,1.734723475976807e-18,2.160417032428086,2.1084999898448586,2.21725000301376,16.69666700763628,0.21645898232236505,0.1663750153966248
6,random,12,63,99.41734707169572,0.006739708224915434,ok,0.0,0.0,0.006739708224915474,reference,3.1480149330151006e-14,-3.9898639947466563e-17,0.006739708224915434,binding_ok,0.0,0.006739705674236363,2.550679070734141e-09,2.6020852139652106e-18,1.717099054371873e-15,2.6020852139652106e-18,2.0347920362837613,2.197332971263677,2.3011249722912908,22.484791988972574,0.21891703363507986,0.16308401245623827
6,random,13,63,813.4562312442266,0.0037893980380394594,ok,9.372637483121204e-16,2.220446049250313e-16,0.0037893980380394768,reference,8.435373734809084e-15,-1.734723475976807e-17,0.0037893980380394594,binding_ok,0.0,0.003789395821170086,2.216869373402458e-09,1.734723475976807e-18,0.0,1.734723475976807e-18,2.1495000110007823,2.1559169981628656,2.2269999608397484,41.01124999579042,0.21016597747802734,0.16304204473271966
6,random,14,63,369.3305168105515,0.008362279262746368,ok,3.556144574812912e-16,0.0,0.008362279262790756,reference,8.117421559881444e-11,-4.438810430329454e-14,0.008362279262746368,binding_ok,0.0,0.008362276252065714,3.0106806544333287e-09,-3.642919299551295e-17,6.981897181882684e-14,-3.642919299551295e-17,2.135082962922752,2.072083007078618,2.383125014603138,28.046042018104345,0.21999998716637492,0.16499997582286596
6,random,15,63,160.6797435336533,0.00900346415262215,ok,3.0918893916147117e-16,0.0,0.00900346415262217,reference,2.99913270986627e-14,-1.9081958235744878e-17,0.00900346415262215,binding_ok,3.0918893916147117e-16,0.009003460338548621,3.814073529229134e-09,8.673617379884035e-18,1.60778248363965e-14,8.673617379884035e-18,2.1479579736478627,2.163959026802331,2.468166989274323,12.264791992492974,0.21487497724592686,0.16295805107802153
6,random,16,63,740.7090016627384,0.00852427657576407,ok,1.520572547211195e-15,0.0,0.008524276575764135,reference,6.855247900343804e-14,-6.591949208711867e-17,0.00852427657576407,binding_ok,0.0,0.008524276482404086,9.335998293891201e-11,2.2551405187698492e-17,2.0781158145219666e-14,2.2551405187698492e-17,2.02941702445969,2.019625040702522,2.212041988968849,110.31816701870412,0.21608301904052496,0.16108399722725153
6,random,17,63,249643.33429645846,0.010468877045179991,ok,6.064216303539573e-16,0.0,0.010468877045180142,reference,5.730684406844897e-14,-1.5092094240998222e-16,0.010468877045179991,binding_ok,6.064216303539573e-16,0.010468875948881604,1.0962983871404264e-09,1.734723475976807e-18,1.2128432607079145e-15,1.734723475976807e-18,2.1400839905254543,2.1028329501859844,2.222708018962294,25.143542035948485,0.20895799389109015,0.1639170222915709
6,random,18,63,858.5477722546698,0.009311938178457237,ok,0.0,0.0,0.009311938178457393,reference,2.4939693300823098e-14,-1.5612511283791264e-16,0.009311938178457237,binding_ok,0.0,0.00931193788375982,2.946974175105366e-10,1.734723475976807e-18,1.9793407381605633e-16,1.734723475976807e-18,2.065707987640053,2.5103329680860043,4.081249993760139,11.19404099881649,0.23141602287068963,0.17149996710941195
6,random,19,63,1309.1005728507284,0.006618526436061905,ok,5.865454796275088e-16,1.1102230246251565e-16,0.0066185264360623065,reference,2.632122839828446e-13,-4.0158848468863084e-16,0.006618526436061905,binding_ok,0.0,0.006618526215014418,2.2104748673840158e-10,0.0,1.6130000689756493e-15,0.0,2.4760840460658073,3.8076670025475323,4.705792001914233,26.086667028721422,0.2412499743513763,0.16600004164502025
6,random,20,63,1709.472200866933,0.009073334295229867,ok,3.8359629897140504e-16,0.0,0.009073334295230029,reference,3.938255336106425e-13,-1.6132928326584306e-16,0.009073334295229867,binding_ok,3.8359629897140504e-16,0.009073332292711086,2.0025187810052136e-09,3.3133218391157016e-16,8.04273573510046e-13,3.3133218391157016e-16,2.4306249688379467,2.0423330133780837,2.632458053994924,13.672999979462475,0.23270800011232495,0.17670798115432262
6,near_singular,1,63,74111927.1468275,0.008915597422325075,ok,2.478609714241183e-16,0.0,0.008915597422325075,reference,8.67513399984414e-16,0.0,0.01003687435835345,slack,0.0,0.010036873348205086,1.0101483642610543e-09,-2.706168622523819e-16,5.21747344847769e-13,0.0,2.4437920073978603,0.01287501072511077,2.2061659838072956,8.636875019874424,0.321459025144577,0.03641704097390175
6,near_singular,2,63,176113770.4973001,0.011849590748928596,ok,2.012754753363968e-16,0.0,0.011849590748928614,reference,6.440815210764698e-15,-1.734723475976807e-17,0.011849590748928596,binding_ok,0.0,0.011849589632890374,1.1160382219072007e-09,0.0,2.012754753363968e-16,0.0,4.900124971754849,3.0839170212857425,5.153917009010911,14.718166028615087,2.272042038384825,2.1697499905712903
6,near_singular,3,63,138323052.16379577,0.011048331661755544,ok,3.421073804737732e-16,0.0,0.011048331661755678,reference,9.601813811963902e-14,-1.3357370765021415e-16,0.011048331661755544,binding_ok,0.0,0.011048330699898204,9.61857340303629e-10,0.0,3.421073804737732e-16,0.0,2.2398330038413405,2.4455420207232237,2.5123750092461705,41.77499999059364,2.2858750307932496,2.169374958612025
6,near_singular,4,63,121526552.8118425,0.00707758049584687,ok,6.810722326983194e-16,0.0,0.007077580495847839,reference,1.99571190986425e-12,-9.697104230710352e-16,0.00707758049584687,binding_ok,6.810722326983194e-16,0.007077580227948138,2.678987318441295e-10,0.0,6.810722326983194e-16,0.0,2.1237090113572776,2.215542015619576,2.4976669810712337,36.70433396473527,2.308499999344349,2.135083021130413
6,near_singular,5,63,134061545.44560224,0.007097892442068066,ok,1.1920177934757e-16,0.0,0.007097892442068068,reference,1.6688249108659798e-15,-1.734723475976807e-18,0.007097892442068066,binding_ok,1.1920177934757e-16,0.007097891794445739,6.476223272933179e-10,0.0,1.1920177934757e-16,0.0,2.108749991748482,2.103917009662837,2.659458026755601,17.254750011488795,2.2331250365823507,2.324707980733365
6,near_singular,6,63,84790975.30949418,0.0050864805241346385,ok,4.630638968682683e-16,0.0,0.005086480524134649,reference,9.724341834233633e-15,-1.0408340855860843e-17,0.0050864805241346385,binding_ok,4.630638968682683e-16,0.005086479657854377,8.662802610664988e-10,1.3877787807814457e-17,1.4972399332074007e-14,1.3877787807814457e-17,2.1642090287059546,2.1119160228408873,2.6692500105127692,26.11216699006036,0.22987497504800558,0.16616703942418098
6,near_singular,7,63,83394181.85292158,0.008686199541482233,ok,1.2050069895768813e-16,0.0,0.008686199541482236,reference,6.627538442672847e-15,-3.469446951953614e-18,0.008686199541482233,binding_ok,0.0,0.008686199334400693,2.0708153941617624e-10,-9.861956737355904e-12,1.6844394693486565e-08,-9.861956737355904e-12,2.1882910514250398,2.089334011543542,2.507500001229346,19.710332970134914,0.25862501934170723,0.20054198103025556
6,near_singular,8,63,60150872.332352266,0.008069791097289008,ok,7.349306008777143e-16,0.0,0.008069791097289086,reference,1.1979368794306742e-13,-7.806255641895632e-17,0.008069791097289008,binding_ok,0.0,0.008069790354120166,7.431688424375249e-10,3.2959746043559335e-17,4.982829473950903e-14,3.2959746043559335e-17,2.268749987706542,2.1082080202177167,2.367125009186566,9.888666972983629,0.22958399495109916,0.16283296281471848
6,near_singular,9,63,92025400.12132747,0.008077552151015722,ok,1.6229843564442827e-16,0.0,0.008077552151015785,reference,7.712421661823232e-13,-6.245004513516506e-17,0.008077552151015722,binding_ok,0.0,0.008077547973275858,4.177739864122398e-09,7.979727989493313e-17,9.903450543023014e-13,7.979727989493313e-17,2.354457974433899,3.3522500307299197,4.4393749558366835,29.02675000950694,0.230583013035357,0.1723750028759241
6,near_singular,10,63,109759430.54434651,0.006653669697404078,ok,0.0,0.0,0.006653669697404186,reference,1.086087583898024e-13,-1.0755285551056204e-16,0.006653669697404078,binding_ok,0.0,0.006653667091211365,2.6061927130283102e-09,0.0,0.0,0.0,2.243832976091653,2.229749981779605,2.400374971330166,29.123791959136724,2.2571670124307275,2.1510000224225223
6,near_singular,11,63,91553722.51580115,0.011492849650313426,ok,1.8433836018947184e-16,0.0,0.011492849650316002,reference,2.1560214607760627e-12,-2.5760643618255585e-15,0.011492849650313426,binding_ok,0.0,0.011492849605196984,4.511644183247121e-11,2.7755575615628914e-17,2.3226633383873455e-14,2.7755575615628914e-17,2.1356670185923576,2.158416958991438,2.47166701592505,16.223834012635052,0.2056660014204681,0.16062502982094884
6,near_singular,12,63,71759002.95090163,0.007620286530046695,ok,6.263393552181474e-16,0.0,0.007620286530046873,reference,4.1745518025289523e-13,-1.7780915628762273e-16,0.007620286530046695,binding_ok,0.0,0.007620283485261075,3.0447856206802792e-09,-2.6399256045084307e-12,6.255214499711358e-09,-2.6399256045084307e-12,2.1740419906564057,2.3132500355131924,2.60962505126372,21.20904199546203,0.24316698545590043,0.1742080203257501
6,near_singular,13,63,119272190.69926259,0.00589955457393992,ok,1.3820873195006708e-16,0.0,0.005899554573939936,reference,8.154315185053957e-15,-1.5612511283791264e-17,0.00589955457393992,binding_ok,1.3820873195006708e-16,0.005899552767305779,1.8066341408995434e-09,0.0,1.3820873195006708e-16,0.0,2.342958003282547,2.221709000878036,2.7242079959250987,8.530457969754934,2.266292052809149,2.2739999694749713
6,near_singular,14,63,83093241.16737127,0.009260024146064298,ok,9.259593251597566e-16,0.0,0.009260024146064336,reference,5.1298146613850516e-14,-3.8163916471489756e-17,0.009260024146064298,binding_ok,0.0,0.009260023765810612,3.8025368617744526e-10,-7.806255641895632e-17,1.1018915969401104e-13,-7.806255641895632e-17,2.188458980526775,2.1202919888310134,2.4564999621361494,23.296665982343256,0.22312504006549716,0.16695796512067318
6,near_singular,15,63,94798799.44578971,0.007770574162141818,ok,5.320144891295094e-16,0.0,0.00777057416214182,reference,2.2610615788004145e-15,-1.734723475976807e-18,0.007930584617242295,slack,0.0,0.00793058443088088,1.863614141478509e-10,1.3010426069826053e-17,1.202352745432691e-13,0.0,2.262249996419996,0.012125005014240742,2.4586250074207783,7.071500003803521,0.21245901007205248,0.012749980669468641
6,near_singular,16,63,111022454.29738224,0.006422891854247153,ok,4.351041366299392e-16,0.0,0.006422891854248172,reference,9.061043645318483e-13,-1.0191500421363742e-15,0.006422891854247153,binding_ok,0.0,0.006422890561657995,1.292589158104207e-09,0.0,4.351041366299392e-16,0.0,2.198832982685417,2.1003749570809305,2.230416052043438,17.770917038433254,2.212334016803652,2.180791983846575
6,near_singular,17,63,138678468.6680676,0.007966342790169795,ok,0.0,0.0,0.007966342790169795,reference,0.0,0.0,0.007966342790169795,binding_ok,0.0,0.007966341285233665,1.5049361305752296e-09,0.0,0.0,0.0,2.2559170029126108,2.319458988495171,2.465333032887429,6.675540993455797,2.2449170355685055,2.1579579915851355
6,near_singular,18,63,55924420.51308781,0.009032781663529471,ok,0.0,0.0,0.00903278166352949,reference,2.1211178008091392e-14,-1.9081958235744878e-17,0.009032781663529471,binding_ok,0.0,0.009032781368985474,2.945439968315977e-10,3.469446951953614e-18,3.910440638363217e-15,3.469446951953614e-18,2.137625007890165,2.106625004671514,2.3045000270940363,36.00395901594311,0.23125001462176442,0.17091701738536358
6,near_singular,19,63,88806862.84968615,0.008590703439741765,ok,8.667866989999679e-16,1.1102230246251565e-16,0.00833366997902231,reference,2.3114311973332478e-15,0.0002570334607194559,0.008590703439741765,binding_ok,8.667866989999679e-16,0.008590703321853722,1.1788804307744094e-10,-2.6020852139652106e-17,8.335598755383024e-14,-2.6020852139652106e-17,2.232666010968387,2.1460839780047536,2.677665965165943,8.65233299555257,0.23516599321737885,0.16441603656858206
6,near_singular,20,63,76133189.68594891,0.009100163598209065,ok,3.655715643436545e-16,0.0,0.00910016359820912,reference,2.668672419708678e-14,-5.551115123125783e-17,0.009100163598209065,binding_ok,3.655715643436545e-16,0.009100163476047937,1.2216112843521643e-10,1.35233473724794e-11,6.138773853780069e-09,1.35233473724794e-11,2.2924160002730787,2.2118749911896884,2.7159169549122453,21.385041007306427,0.2221670001745224,0.16537500778213143
6,duplicate,1,63,2.0463061887744144e+16,0.006087361838054378,ok,1.4224147037257578e-16,0.0,0.006087361838054395,reference,9.672419985335153e-15,-1.734723475976807e-17,0.006087361838054378,binding_ok,0.0,0.006087360431470377,1.4065840011831532e-09,0.0,1.4224147037257578e-16,0.0,1.8428750336170197,1.7773750005289912,2.4401249829679728,48.39533299673349,1.8454999662935734,1.7357090255245566
6,duplicate,2,63,1.3865205885594742e+298,0.007331624662652697,ok,1.1758054805219278e-16,0.0,0.0073316246626526985,reference,2.5867720571482407e-15,-1.734723475976807e-18,0.007331624662652697,binding_ok,1.1758054805219278e-16,0.0073316222943402365,2.3683124602061345e-09,0.0,1.1758054805219278e-16,0.0,1.858667004853487,1.8754589837044477,2.462916017975658,9.789417032152414,1.9500839989632368,1.870958018116653
6,duplicate,3,63,2.425569874017752e+16,0.009565734449185804,ok,0.0,0.0,0.009565734449185813,reference,6.893484224616126e-15,-8.673617379884035e-18,0.009565734449185804,binding_ok,0.0,0.009565731092134388,3.357051416366663e-09,0.0,0.0,0.0,1.8645829986780882,1.8745000124908984,2.1954579860903323,36.63958300603554,2.0019999938085675,1.8804999999701977
6,duplicate,4,63,8.514227066438551e+297,0.0013544526798349521,ok,4.761123919701952e-16,0.0,0.0013544526798349677,reference,9.9983602313741e-15,-1.5612511283791264e-17,0.0013544526798349521,binding_ok,0.0,0.0013544521902155938,4.896193582949043e-10,0.0,4.761123919701952e-16,0.0,1.763917040079832,1.7643329920247197,2.6765420334413648,22.569999971892685,1.9468750106170774,1.7864999826997519
6,duplicate,5,63,7.755395999633166e+297,0.010990828427877792,ok,1.3510734265452829e-16,0.0,0.010990828427877799,reference,8.64686992988981e-15,-6.938893903907228e-18,0.010990828427877792,binding_ok,0.0,0.010990828152418156,2.754596360038386e-10,0.0,1.3510734265452829e-16,0.0,1.8862919532693923,1.8749170121736825,2.654167008586228,19.292915996629745,1.9478750182315707,1.8891249783337116
6,duplicate,6,63,7.801957435593294e+297,0.0035650392897736017,ok,3.9683488150703755e-16,0.0,0.0035650392897736303,reference,9.325619715415381e-15,-2.862293735361732e-17,0.0035650392897736017,binding_ok,3.9683488150703755e-16,0.0035650366331175833,2.6566560184376753e-09,0.0,3.9683488150703755e-16,0.0,1.8022920121438801,1.799624995328486,2.2894159774295986,14.830125030130148,1.9069169647991657,1.8358330125920475
6,duplicate,7,63,6.744860516553013e+297,0.008476458314345065,ok,2.9554014631095764e-16,0.0,0.008476458314345077,reference,7.979583950395857e-15,-1.214306433183765e-17,0.008476458314345065,binding_ok,2.9554014631095764e-16,0.00847645621104433,2.1033007349680055e-09,0.0,2.9554014631095764e-16,0.0,1.8675829633139074,1.856165996287018,2.3837079643271863,30.100915988441557,1.9570839940570295,1.8663330120034516
6,duplicate,8,63,8.235420290189876e+297,0.007278996910881821,ok,1.5556038646029623e-16,0.0,0.0072789969108818416,reference,1.3378193235585475e-14,-2.0816681711721685e-17,0.007278996910881821,binding_ok,1.5556038646029623e-16,0.007278992771365347,4.1395164735238965e-09,0.0,1.5556038646029623e-16,0.0,1.8594169523566961,1.8449589842930436,2.2910000407136977,22.45562500320375,1.9510830170474946,1.8382919952273369
6,duplicate,9,63,9.076461982358043e+16,0.014961291517420525,ok,1.4711150151331005e-16,0.0,0.014961291517423984,reference,8.736952074875484e-13,-3.4590386110977533e-15,0.014961291517420525,binding_ok,0.0,0.014961286706313373,4.811107151558858e-09,0.0,1.4711150151331005e-16,0.0,1.8494999967515469,1.94116699276492,2.5798329734243453,31.54570795595646,1.902541029267013,1.8165409564971924
6,duplicate,10,63,1.7595846973665812e+16,0.005354746324286835,ok,2.7788673134349876e-16,0.0,0.005354746324286838,reference,8.75343203732021e-15,-3.469446951953614e-18,0.005354746324286835,binding_ok,2.7788673134349876e-16,0.005354745303187772,1.0210990629422323e-09,0.0,2.7788673134349876e-16,0.0,1.7584580346010625,1.8422089633531868,2.290082979016006,21.74937498057261,1.947999990079552,1.8087499774992466
6,duplicate,11,63,7.170312316107779e+17,0.0055083371595906466,ok,6.320377224534591e-16,0.0,0.0055083371595906535,reference,8.342897936385661e-15,-6.938893903907228e-18,0.0055083371595906466,binding_ok,6.320377224534591e-16,0.005508337058375881,1.0121476573532462e-10,0.0,6.320377224534591e-16,0.0,1.8193749710917473,1.8152089905925095,2.732791006565094,33.81274995626882,2.1219170303083956,1.8637500470504165
6,duplicate,12,63,6.915013270734611e+297,0.010137049195527223,ok,3.964335195010672e-16,0.0,0.010137049195527255,reference,7.73045363027081e-15,-3.122502256758253e-17,0.010137049195527223,binding_ok,3.964335195010672e-16,0.010137047525394061,1.670133161976728e-09,0.0,3.964335195010672e-16,0.0,1.8827080493792892,2.170333988033235,3.1169999856501818,26.27358300378546,1.9962909864261746,1.8510420341044664
6,duplicate,13,63,1.2557298457034284e+16,0.0046117115051015605,ok,3.096325744573139e-16,2.220446049250313e-16,0.004611711505101573,reference,6.966732925289562e-15,-1.214306433183765e-17,0.0046117115051015605,binding_ok,3.096325744573139e-16,0.004611711036084756,4.690168045606846e-10,0.0,3.096325744573139e-16,0.0,1.8827919848263264,1.8781250109896064,2.3767920210957527,20.023500022944063,1.9630840397439897,1.8699999782256782
6,duplicate,14,63,1.2270851275830894e+298,0.011667724938963018,ok,2.6910819003966844e-16,0.0,0.011667724938963035,reference,9.015124366328893e-15,-1.734723475976807e-17,0.011667724938963018,binding_ok,2.6910819003966844e-16,0.011667721187114483,3.751848534974678e-09,0.0,2.6910819003966844e-16,0.0,1.9013750134035945,2.4277499760501087,3.0084580066613853,12.335790961515158,1.9825840136036277,1.8530000234022737
6,duplicate,15,63,1.005419456915344e+17,0.009183920294474108,ok,4.031789735178142e-16,0.0,0.009183920294474119,reference,3.897396744005537e-15,-1.0408340855860843e-17,0.009183920294474108,binding_ok,0.0,0.009183919019516425,1.274957682831368e-09,0.0,4.031789735178142e-16,0.0,2.193208027165383,2.1736249909736216,2.4668750120326877,21.66679099900648,1.941499998793006,1.8092909594997764
6,duplicate,16,63,8.428691927886756e+297,0.0055217811818159355,ok,1.963726130017826e-16,0.0,0.005521781181815937,reference,1.3746082910124783e-15,-1.734723475976807e-18,0.0072355856778596375,slack,0.0,0.007235581621109528,4.056750109449059e-09,0.0,1.963726130017826e-16,0.0,1.8750840099528432,0.014375022146850824,2.7485419996082783,6.130125024355948,2.005874994210899,0.011625001206994057
6,duplicate,17,63,3.9501569750726266e+297,0.009951847526257931,ok,6.203537526992625e-16,0.0,0.009951847526257935,reference,1.0856190672237096e-15,-3.469446951953614e-18,0.009951847526257931,binding_ok,0.0,0.009951846275009085,1.2512488458543691e-09,0.0,6.203537526992625e-16,0.0,1.9977499614469707,2.0252909744158387,2.373416966293007,12.657082988880575,1.9300829735584557,4.031999967992306
6,duplicate,18,63,1.5631693891073662e+16,0.0013544275322307966,ok,4.396369579712493e-16,0.0,0.001354427532230813,reference,7.034191327539989e-15,-1.6479873021779667e-17,0.0013544275322307966,binding_ok,4.396369579712493e-16,0.0013544259761358872,1.5560949093943593e-09,0.0,4.396369579712493e-16,0.0,1.9840840250253677,2.931458002422005,3.901290998328477,46.554958971682936,1.9104169914498925,2.25704099284485
6,duplicate,19,63,1.1489160925353098e+298,0.009676702873072799,ok,8.883407225163768e-16,0.0,0.009676702873072807,reference,5.774214696356449e-15,-8.673617379884035e-18,0.009676702873072799,binding_ok,0.0,0.009676701037434893,1.835637905567289e-09,0.0,8.883407225163768e-16,0.0,2.603124943561852,2.445249992888421,2.534917031880468,43.80329203559086,1.961416972335428,1.8472499796189368
6,duplicate,20,63,6660276591107518.0,0.006907814290002837,ok,2.9312509487814243e-16,0.0,0.006907814290003134,reference,1.6356380294200347e-13,-2.975050761300224e-16,0.006907814290002837,binding_ok,0.0,0.006907809332454851,4.95754798584408e-09,0.0,2.9312509487814243e-16,0.0,1.973041973542422,1.8149999668821692,2.5007090298458934,15.28595801210031,1.9851669785566628,1.8552920082584023
6,zero_variance,1,63,8.615996775074958e+297,0.0076093641390678965,ok,1.7179020581565105e-16,0.0,0.007609364139067897,reference,0.0,-8.673617379884035e-19,0.009980217425039828,slack,0.0,0.009980215734996096,1.6900437316974548e-09,0.0,1.7179020581565105e-16,0.0,2.3763750214129686,0.01695798709988594,2.698916010558605,8.053417026530951,2.2772499942220747,0.012959004379808903
6,zero_variance,2,63,7.115755681192354e+297,0.008710795397955232,ok,1.7634629546513317e-16,0.0,0.00871079539795524,reference,9.170007364186926e-15,-8.673617379884035e-18,0.008710795397955232,binding_ok,1.7634629546513317e-16,0.00871079270492697,2.6930282621961954e-09,0.0,1.7634629546513317e-16,0.0,2.5545830139890313,2.309375035110861,2.714625035878271,17.162791977170855,2.580708998721093,2.2229159949347377
6,zero_variance,3,63,5.0451234670050145e+297,0.005005983262069987,ok,0.0,0.0,0.005005983262069988,reference,4.1971594761938353e-16,-1.734723475976807e-18,0.005081836424691077,slack,0.0,0.005081836324545226,1.0014585081347116e-10,0.0,0.0,0.0,2.243458991870284,0.014666991773992777,2.4798749946057796,10.37891604937613,2.257915970403701,0.012457952834665775
6,zero_variance,4,63,5.811043571792473e+297,0.006396816163020424,ok,2.6602684797959753e-16,0.0,0.006396816163020424,reference,1.3301342398979877e-16,0.0,0.006396816163020424,binding_ok,2.6602684797959753e-16,0.00639681570430325,4.587171736208928e-10,0.0,2.6602684797959753e-16,0.0,2.20904202433303,2.475749992299825,2.3354170261882246,8.858125016558915,2.23687500692904,2.1641659550368786
6,zero_variance,5,63,8.458584986287082e+297,0.00749475493036802,ok,6.813264887772001e-16,0.0,0.00749475493036802,reference,5.109948665829001e-16,0.0,0.00749475493036802,binding_ok,6.813264887772001e-16,0.007494753189851641,1.740516378592738e-09,0.0,6.813264887772001e-16,0.0,2.8986670076847076,2.3889169679023325,3.5545419668778777,8.830540988128632,2.3205839679576457,2.436332986690104
6,zero_variance,6,63,4.512674491367935e+297,0.008171126284809142,ok,1.2609632889550694e-15,0.0,0.008171126284809534,reference,9.815023000404021e-13,-3.920475055707584e-16,0.008171126284809142,binding_ok,0.0,0.00817111873630168,7.548507463192577e-09,0.0,1.2609632889550694e-15,0.0,2.2211670293472707,2.4614580324850976,2.7282499941065907,20.671124977525324,2.5382079766131938,2.2472079726867378
6,zero_variance,7,63,4.6228748308486337e+297,0.009766667173810584,ok,0.0,0.0,0.009766667173810618,reference,4.529902955085386e-14,-3.469446951953614e-17,0.009766667173810584,binding_ok,0.0,0.009766666510476082,6.63334501910251e-10,0.0,0.0,0.0,8.65495903417468,4.300834028981626,2.7940000290982425,23.65029201610014,2.5895839789882302,2.2783750318922102
6,zero_variance,8,63,6.895365884984912e+297,0.004588172145497474,ok,3.3282160993030523e-16,0.0,0.004588172145497631,reference,2.3447282419590004e-13,-1.5699247457590104e-16,0.004588172145497474,binding_ok,0.0,0.004588168157264778,3.988232696351679e-09,0.0,3.3282160993030523e-16,0.0,2.5909580290317535,2.1944580366835,2.5904999929480255,32.07179199671373,2.5320000131614506,2.392082998994738
6,zero_variance,9,63,8.34748017494982e+297,0.008615695707741228,ok,1.727982708446531e-16,0.0,0.008615695707741228,reference,1.727982708446531e-16,0.0,0.008615695707741228,binding_ok,1.727982708446531e-16,0.008615692978924496,2.7288167316064094e-09,0.0,1.727982708446531e-16,0.0,2.3492909967899323,2.159415977075696,3.0055000097490847,7.771375006996095,2.2582499659620225,2.391457965131849
6,zero_variance,10,63,8.164242369388983e+297,0.007400850000429805,ok,7.17074754244527e-16,2.220446049250313e-16,0.007400850000430049,reference,2.0388825512352718e-13,-2.437286483747414e-16,0.007400850000429805,binding_ok,7.17074754244527e-16,0.007400848844960449,1.1554693564799767e-09,0.0,7.17074754244527e-16,0.0,2.0924999844282866,2.640124992467463,2.775374974589795,14.581124996766448,2.3822090006433427,2.1830410114489496
6,zero_variance,11,63,7.194440238313945e+297,0.009691454988146922,ok,6.190401081536053e-16,1.1102230246251565e-16,0.009691454988146926,reference,1.547600270384013e-15,-3.469446951953614e-18,0.011062452673984887,slack,0.0,0.011062451980022583,6.939623042878651e-10,0.0,6.190401081536053e-16,0.0,2.777584013529122,0.014999997802078724,2.70175002515316,7.6749169966205955,2.324042026884854,0.013542012311518192
6,zero_variance,12,63,6.109615842715799e+297,0.011320786234185629,ok,4.923558423150487e-16,0.0,0.011320786234185648,reference,5.25179565136052e-15,-1.9081958235744878e-17,0.011320786234185629,binding_ok,4.923558423150487e-16,0.011320778398937678,7.835247950449542e-09,0.0,4.923558423150487e-16,0.0,2.4356250069104135,2.154291025362909,2.807249955367297,12.071834004018456,2.2712500067427754,2.1792500047013164
6,zero_variance,13,63,4.761950560632208e+297,0.0063241370939037455,ok,1.5337930016653708e-16,0.0,0.006324137093903966,reference,9.569334537390248e-13,-2.203098814490545e-16,0.0063241370939037455,binding_ok,1.5337930016653708e-16,0.006324128024633745,9.069270000792995e-09,0.0,1.5337930016653708e-16,0.0,2.1609169780276716,2.4386250297538936,2.741625008638948,13.054125010967255,2.249457989819348,2.1797079825773835
6,zero_variance,14,63,6.194558687480117e+297,0.007427215164253235,ok,4.031384109531557e-16,0.0,0.007427215164253255,reference,8.734665570651707e-15,-1.9949319973733282e-17,0.007427215164253235,binding_ok,4.031384109531557e-16,0.007427212559373759,2.6048794761826533e-09,0.0,4.031384109531557e-16,0.0,2.4704589741304517,2.2525000385940075,2.385833009611815,28.783292043954134,2.784250013064593,3.2073750044219196
6,zero_variance,15,63,5.0928232064536977e+297,0.008095031943515081,ok,1.3587750530816223e-16,0.0,0.008095031943515083,reference,6.522120254791787e-15,-1.734723475976807e-18,0.008095031943515081,binding_ok,1.3587750530816223e-16,0.008095031283511791,6.600032898679276e-10,0.0,1.3587750530816223e-16,0.0,2.3150420165620744,2.604166977107525,2.6145000010728836,7.763708010315895,2.393250004388392,2.2428329684771597
6,zero_variance,16,63,6.699708676645215e+297,0.013398955767308292,ok,4.976868872743086e-16,0.0,0.013398955767308294,reference,4.976868872743086e-16,-1.734723475976807e-18,0.013398955767308292,binding_ok,4.976868872743086e-16,0.013398954875742573,8.91565718821874e-10,0.0,4.976868872743086e-16,0.0,2.7873750077560544,2.2004999918863177,2.369416004512459,8.104290987830609,2.5155830080620944,2.1538750152103603
6,zero_variance,17,63,7.139414543916506e+297,0.0077925038073989195,ok,4.558663552052791e-16,0.0,0.007792503807398936,reference,1.154861433186707e-14,-1.6479873021779667e-17,0.0077925038073989195,binding_ok,4.558663552052791e-16,0.007792503520422503,2.869764165885913e-10,0.0,4.558663552052791e-16,0.0,2.2072079591453075,2.391541958786547,2.680332981981337,12.276042019948363,2.3377499892376363,2.196374989580363
6,zero_variance,18,63,8.29033146046028e+297,0.0034796555261819967,ok,1.0705003367822627e-15,0.0,0.003479655526182013,reference,2.0033649159782344e-14,-1.6046192152785466e-17,0.0034796555261819967,binding_ok,0.0,0.0034796542740285867,1.2521534100383425e-09,0.0,1.0705003367822627e-15,0.0,2.1741249947808683,2.115958952344954,2.4247500114142895,12.253833003342152,2.2721250425092876,2.358625002671033
6,zero_variance,19,63,7.52676897333763e+297,0.007379717465130697,ok,1.3239345993844872e-16,0.0,0.007379717465130698,reference,1.5887215192613844e-15,-8.673617379884035e-19,0.007379717465130697,binding_ok,1.3239345993844872e-16,0.00737971702473568,4.403950173287319e-10,0.0,1.3239345993844872e-16,0.0,2.1484169992618263,2.1299170330166817,2.6375839952379465,8.261584036517888,2.256083011161536,2.1615420118905604
6,zero_variance,20,63,5.073024786815959e+297,0.003406819232249369,ok,2.8446009480421895e-16,0.0,0.0034068192322494247,reference,2.0765586920707986e-14,-5.551115123125783e-17,0.003406819232249369,binding_ok,2.8446009480421895e-16,0.0034068191062456496,1.2600371961102308e-10,0.0,2.8446009480421895e-16,0.0,2.1476250258274376,2.38566700136289,2.2464999929070473,26.244042033795267,2.2882080520503223,2.468292019329965
6,tied_means,1,63,889.502337508199,0.017585421907848387,degenerate_face,3.324912656725353e-16,1.1102230246251565e-16,0.017585421907848394,reference,0.0,-6.938893903907228e-18,0.01758542190784839,slack,0.0,0.017585418538547434,3.3693009562907328e-09,0.0,3.324912656725353e-16,0.0,2.241083944682032,0.06866699550300837,2.569250005763024,9.01462504407391,2.58416699944064,0.0761249684728682
6,tied_means,2,63,1090.7908221659513,0.008146146705494437,ok,6.437822311225787e-16,0.0,0.008146146705494704,reference,3.259684030250657e-13,-2.671474153004283e-16,0.008146146705494437,binding_ok,6.437822311225787e-16,0.00814614407588668,2.6296077572374177e-09,0.0,6.437822311225787e-16,0.0,2.105416962876916,2.2111249854788184,2.509874990209937,20.989582990296185,2.279000007547438,2.289625001139939
6,tied_means,3,63,33.78563461326375,0.007727282826877914,ok,0.0,0.0,0.00772728282687794,reference,8.331244438292335e-15,-2.6020852139652106e-17,0.007727282826877914,binding_ok,0.0,0.007727279965922961,2.8609549529781675e-09,0.0,0.0,0.0,2.459791023284197,2.3920839885249734,2.5538330082781613,33.52037497097626,2.590999996755272,2.531624981202185
6,tied_means,4,63,415.2570512171012,0.010984746434394649,ok,7.384836377841638e-16,0.0,0.01098474643439466,reference,1.1446496385654538e-14,-1.0408340855860843e-17,0.010984746434394649,binding_ok,7.384836377841638e-16,0.010984745922231896,5.121627531801121e-10,0.0,7.384836377841638e-16,0.0,2.3049170267768204,2.603916043881327,2.793291991110891,35.16054101055488,2.7404999709688127,2.4373329943045974
6,tied_means,5,63,5355.342266888101,0.011037638371980692,ok,0.0,0.0,0.011037638371981847,reference,6.39984894312636e-13,-1.1553258350005535e-15,0.011037638371980692,binding_ok,0.0,0.011037635479583264,2.8923974274702724e-09,0.0,0.0,0.0,2.3824170348234475,2.29199999012053,2.4843340506777167,45.303417020477355,2.3772079730406404,2.5486659724265337
6,tied_means,6,63,234.34193512646618,0.008986885904683153,ok,7.955611133312742e-16,2.220446049250313e-16,0.008986885904685025,reference,5.6628040046920095e-12,-1.871766630578975e-15,0.008986885904683153,binding_ok,7.955611133312742e-16,0.00898688242218878,3.482494372736289e-09,0.0,7.955611133312742e-16,0.0,2.366541011724621,2.3775840527378023,2.3718749871477485,24.87045800080523,2.672416972927749,2.361707971431315
6,tied_means,7,63,1520.6641697733376,0.014470659055555212,ok,1.2989076224459352e-16,0.0,0.014470659055555245,reference,8.183118021409391e-15,-3.2959746043559335e-17,0.014470659055555212,binding_ok,1.2989076224459352e-16,0.01447065839344756,6.621076516916125e-10,0.0,1.2989076224459352e-16,0.0,2.480750030372292,2.6917080394923687,2.3146249586716294,41.254499985370785,2.404875005595386,2.5928340037353337
6,tied_means,8,63,1647.1266445110011,0.012224961589522952,ok,0.0,0.0,0.012224961589523674,reference,1.9827043262192736e-12,-7.216449660063518e-16,0.012224961589522952,binding_ok,0.0,0.012224961003648279,5.858746734282994e-10,0.0,0.0,0.0,2.3074159980751574,2.3725840146653354,2.3633750388398767,32.56700001657009,2.5172499590553343,2.371207985561341
6,tied_means,9,63,502.1233667801437,0.012125364197078273,degenerate_face,0.0,0.0,0.012125364197078273,reference,9.051191543859763e-16,0.0,0.012125364197078273,slack,0.0,0.01212536070105309,3.496025182889162e-09,0.0,0.0,0.0,2.278583007864654,0.06262504030019045,2.4376249639317393,8.655749959871173,2.660374972037971,0.07508299313485622
6,tied_means,10,63,23468.524763532365,0.008910980295758642,ok,5.041113015133479e-16,0.0,0.008910980295758729,reference,3.402751285215098e-14,-8.673617379884035e-17,0.008910980295758642,binding_ok,0.0,0.008910978919283625,1.376475017300649e-09,0.0,5.041113015133479e-16,0.0,2.346208959352225,2.3897080100141466,2.1549580269493163,13.73449998209253,2.392166992649436,2.2197500220499933
6,tied_means,11,63,28080.732338310616,0.006889566113740203,ok,4.1199047814276375e-16,0.0,0.0068895661137402045,reference,2.746603187618425e-16,-1.734723475976807e-18,0.006889566113740203,binding_ok,4.1199047814276375e-16,0.006889562091880809,4.021859394132132e-09,0.0,4.1199047814276375e-16,0.0,2.166416961699724,2.6226670015603304,2.2837920114398003,38.336917001288384,2.51987500814721,2.2485419758595526
6,tied_means,12,63,650.4186776691758,0.012473251507298548,degenerate_face,4.2467739452989876e-16,0.0,0.012473251507298548,reference,2.5480643671793926e-15,0.0,0.012473251507298548,slack,0.0,0.012473251075396468,4.319020800724882e-10,0.0,4.2467739452989876e-16,0.0,2.2488340036943555,0.06062502507120371,2.585250011179596,6.668709043879062,2.4224160006269813,0.06320897955447435
6,tied_means,13,63,212.83380069892468,0.012648429399144555,degenerate_face,1.1769319303431905e-16,0.0,0.012648429399144557,reference,4.707727721372762e-16,-1.734723475976807e-18,0.012648429399144557,slack,0.0,0.012648429283740948,1.1540360854433995e-10,0.0,1.1769319303431905e-16,0.0,2.2405830095522106,0.08699996396899223,2.3355419980362058,9.944999997969717,2.506666991394013,0.0708329607732594
6,tied_means,14,63,810.5330453251414,0.013275813078446526,ok,5.613321896351739e-16,0.0,0.013275813078446622,reference,4.5916973112157224e-14,-9.540979117872439e-17,0.013275813078446526,binding_ok,0.0,0.013275812802197523,2.762490028396236e-10,0.0,5.613321896351739e-16,0.0,2.2937500034458935,2.108292013872415,2.868165960535407,12.374459009151906,2.4506670306436718,2.5347499758936465
6,tied_means,15,63,238.2714144889501,0.013183618603315475,ok,1.8521681527392765e-16,1.1102230246251565e-16,0.013183618603315614,reference,1.0298054929230378e-13,-1.3877787807814457e-16,0.013183618603315475,binding_ok,0.0,0.013183614799957057,3.803358418139058e-09,0.0,1.8521681527392765e-16,0.0,2.358291996642947,2.3791249841451645,2.3218750138767064,23.463624995201826,2.6894999900832772,2.2210419992916286
6,tied_means,16,63,1824.7164983201856,0.010067834182476407,degenerate_face,4.3785110591662526e-16,0.0,0.010067834182476408,reference,1.751404423666501e-15,-1.734723475976807e-18,0.010067834182476407,slack,0.0,0.010067834162820932,1.965547516413757e-11,0.0,4.3785110591662526e-16,0.0,2.1778750233352184,0.06083300104364753,2.237208012957126,7.269499998074025,2.4704589741304517,0.06512500112876296
6,tied_means,17,63,493.8509960303422,0.009539559921115973,ok,5.6276079251702e-16,0.0,0.009539559921115992,reference,8.066238026077286e-15,-1.9081958235744878e-17,0.009539559921115973,binding_ok,0.0,0.009539551326070778,8.595045194667583e-09,0.0,5.6276079251702e-16,0.0,2.385874977335334,2.546874980907887,2.3456669878214598,20.663791976403445,2.5755410315468907,2.495541993994266
6,tied_means,18,63,111.19902199333457,0.005971515673253175,ok,2.7302682598267693e-16,2.220446049250313e-16,0.005971515673253199,reference,9.00988525742834e-15,-2.42861286636753e-17,0.005971515673253175,binding_ok,2.7302682598267693e-16,0.005971515280280495,3.9297267957066895e-10,0.0,2.7302682598267693e-16,0.0,2.594167017377913,2.45274999178946,2.4983329931274056,21.419540978968143,2.3406660184264183,2.4954999680630863
6,tied_means,19,63,945.7059980217139,0.011068821953462458,ok,0.0,0.0,0.011068821953462503,reference,3.999328805243306e-14,-4.5102810375396984e-17,0.011068821953462458,binding_ok,0.0,0.011068821893495964,5.996649357631334e-11,0.0,0.0,0.0,2.5560000212863088,2.218875044491142,2.2837499855086207,12.881207978352904,2.2619999945163727,2.3447080166079104
6,tied_means,20,63,98.22570554048258,0.009150247955677569,ok,1.6730818070489047e-16,2.220446049250313e-16,0.009150247955677584,reference,5.688478143966276e-15,-1.5612511283791264e-17,0.009150247955677569,binding_ok,1.6730818070489047e-16,0.009150246145037148,1.8106404205825433e-09,0.0,1.6730818070489047e-16,0.0,2.07762501668185,2.1451659849844873,2.2029579849913716,22.93262496823445,2.235833031591028,2.1747080027125776
6,boundary,1,63,1284.0208681149409,0.010293831442417358,ok,0.0,0.0,0.009527567213359884,reference,5.267806360816397e-16,0.0007662642290574735,0.010293831442417358,slack,0.0,0.010293828580913255,2.861504103113255e-09,0.0,0.0,0.0,2.218124980572611,0.011665979400277138,2.2065420052967966,7.944167009554803,0.20616600522771478,0.011124997399747372
6,boundary,2,63,84.84157175539322,0.011800955394183441,ok,0.0,0.0,0.011729763742575118,reference,5.429941919728767e-15,7.119165160832282e-05,0.011800955394183441,slack,0.0,0.01180095522264734,1.7153610129549968e-10,0.0,0.0,0.0,2.2089999984018505,0.011417025234550238,2.1226669778116047,8.535625005606562,0.20070798927918077,0.010750023648142815
6,boundary,3,63,141.51051956162678,0.009111492085249842,ok,0.0,0.0,0.009111492085249842,reference,0.0,0.0,0.009111492085249842,slack,0.0,0.009111490859842562,1.2254072808554062e-09,0.0,0.0,0.0,2.3730830289423466,0.011208001524209976,2.0709169912151992,10.38154202979058,0.20062498515471816,0.010208983439952135
6,boundary,4,63,57.906859661673394,0.010824045961373398,ok,0.0,0.0,0.01014839564692356,reference,3.327102759281441e-14,0.0006756503144498393,0.010824045961373398,slack,0.0,0.010824045909385275,5.198812387530172e-11,0.0,0.0,0.0,2.3191249929368496,0.012582982890307903,2.5182919926010072,7.455540995579213,0.1972910249605775,0.009917013812810183
6,boundary,5,63,225.87257878101641,0.010356350647271544,ok,0.0,0.0,0.010356350647271542,reference,1.2164775225197776e-15,1.734723475976807e-18,0.010356350647271544,slack,0.0,0.010356347577259645,3.070011899211633e-09,0.0,0.0,0.0,2.276709012221545,0.011750031262636185,2.1805839496664703,7.955625012982637,0.19095902098342776,0.009833020158112049
6,boundary,6,63,71.9567504706553,0.014517056362078107,ok,1.806286028798567e-16,0.0,0.01451705636207811,reference,5.418858086395701e-16,-1.734723475976807e-18,0.014517056362078107,slack,1.806286028798567e-16,0.014517053602760314,2.759317793352145e-09,0.0,1.806286028798567e-16,0.0,2.173375047277659,0.010666029993444681,2.0082920091226697,7.746750023216009,0.20162505097687244,0.010375049896538258
6,boundary,7,63,49.792700907610644,0.009058897603486455,ok,2.666557123041144e-16,0.0,0.009058897603486455,reference,2.666557123041144e-16,0.0,0.009058897603486455,slack,2.666557123041144e-16,0.009058894561156232,3.042330222816081e-09,0.0,2.666557123041144e-16,0.0,2.1873340010643005,0.010624993592500687,2.0358330220915377,7.803165994118899,0.2294999430887401,0.011458003427833319
6,boundary,8,63,431.80736242163096,0.010639565051857272,ok,2.1506055170257703e-16,0.0,0.00938426572578206,reference,0.0,0.0012552993260752116,0.010639565051857272,slack,2.1506055170257703e-16,0.010639561209419519,3.842437753392991e-09,0.0,2.1506055170257703e-16,0.0,2.358167024794966,0.010957999620586634,2.0115830120630562,8.08804197004065,0.2007920411415398,0.010207993909716606
6,boundary,9,63,502.78239797943036,0.005732045190722664,ok,2.1707201512579334e-16,0.0,0.0057320451907226615,reference,6.5121604537738e-16,2.6020852139652106e-18,0.005732045190722664,slack,2.1707201512579334e-16,0.005732043960622724,1.2300999403108692e-09,0.0,2.1707201512579334e-16,0.0,2.3129170294851065,0.012375006917864084,2.2135830367915332,8.512999978847802,0.198375026229769,0.009750016033649445
6,boundary,10,63,571.5808280216595,0.0075520891250728485,ok,0.0,0.0,0.0075520891250728485,reference,0.0,0.0,0.0075520891250728485,slack,0.0,0.007552087441586332,1.6834865168569024e-09,0.0,0.0,0.0,2.210750011727214,0.010832969564944506,2.101292018778622,10.166666994336993,0.2180000301450491,0.011542055290192366
6,boundary,11,63,1652.0367203968465,0.010347698161925142,ok,0.0,0.0,0.010347698161925142,reference,0.0,0.0,0.010347698161925142,slack,0.0,0.010347697511082195,6.508429472446009e-10,0.0,0.0,0.0,2.1790419705212116,0.010624993592500687,2.0613750093616545,6.800375005695969,0.18383300630375743,0.009875046089291573
6,boundary,12,63,711.440613073642,0.009577444433351737,ok,0.0,0.0,0.009546671332585233,reference,3.395454374385368e-16,3.077310076650408e-05,0.009577444433351737,slack,0.0,0.009577442786795601,1.6465561362283276e-09,0.0,0.0,0.0,2.1757500362582505,0.010374991688877344,1.9955000025220215,6.356082973070443,0.19779097056016326,0.010499963536858559
6,boundary,13,63,68.2857402968215,0.0056549369041765975,ok,4.302413803397414e-16,0.0,0.0056549369041765975,reference,1.4341379344658048e-16,0.0,0.0056549369041765975,slack,4.302413803397414e-16,0.0056549344040610384,2.500115559023186e-09,0.0,4.302413803397414e-16,0.0,2.2833329858258367,0.011541007552295923,2.0158750121481717,8.603416965343058,0.19812502432614565,0.010457995813339949
6,boundary,14,63,2152.0986797200526,0.013122391700239334,ok,2.007683245086609e-16,0.0,0.012135556373166611,reference,4.015366490173218e-16,0.0009868353270727232,0.013122391700239334,slack,2.007683245086609e-16,0.013122391345213485,3.5502584899704814e-10,0.0,2.007683245086609e-16,0.0,2.1744159748777747,0.01087499549612403,2.08229199051857,6.058958999346942,0.17695798305794597,0.00904203625395894
6,boundary,15,63,257.63093443341927,0.015892733360086998,ok,1.7677656051310428e-16,0.0,0.013185530887999099,reference,0.0,0.002707202472087899,0.015892733360086998,slack,1.7677656051310428e-16,0.015892725797441838,7.562645159414627e-09,0.0,1.7677656051310428e-16,0.0,2.0975000225007534,0.01008401159197092,1.8577910377644002,8.03208298748359,0.188250036444515,0.009791983757168055
6,boundary,16,63,42.274100999225,0.015274366670683421,ok,1.760306244140696e-16,0.0,0.013227691552782549,reference,1.5138633699609986e-14,0.0020466751179008726,0.015274366670683421,slack,1.760306244140696e-16,0.015274357294824853,9.375858568694273e-09,0.0,1.760306244140696e-16,0.0,2.1979999728500843,0.010624993592500687,2.013958990573883,7.260999991558492,0.1841250341385603,0.009375042282044888
6,boundary,17,63,442.2894681115888,0.004518087246595481,ok,0.0,0.0,0.004250947300888504,reference,1.966889630706133e-15,0.0002671399457069767,0.004518087246595481,slack,0.0,0.004518087068281538,1.7831394260453548e-10,0.0,0.0,0.0,2.2814999683760107,0.010583025868982077,2.013749966863543,8.381832973100245,0.19529100973159075,0.009957992006093264
6,boundary,18,63,413.9709233372486,0.014703490809419467,ok,2.2195553292665155e-16,0.0,0.014703490809419467,reference,2.2195553292665155e-16,0.0,0.014703490809419467,slack,2.2195553292665155e-16,0.014703486245423576,4.5639958912852e-09,0.0,2.2195553292665155e-16,0.0,2.4894580128602684,0.010957999620586634,2.004500012844801,8.124959014821798,0.1937909983098507,0.01025001984089613
6,boundary,19,63,373.77906365124966,0.00882333393794719,ok,1.127281016043676e-16,0.0,0.00882333393794719,reference,1.127281016043676e-16,0.0,0.00882333393794719,slack,1.127281016043676e-16,0.008823330988614056,2.9493331336200024e-09,0.0,1.127281016043676e-16,0.0,2.218457986600697,0.01133297337219119,1.969458011444658,6.270999961998314,0.19116699695587158,0.009417010005563498
6,boundary,20,63,163.85563920752534,0.0112662364475342,ok,1.3007881438739089e-16,0.0,0.010133830902457142,reference,1.170709329486518e-15,0.0011324055450770577,0.0112662364475342,slack,1.3007881438739089e-16,0.01126623353590159,2.9116326103612034e-09,0.0,1.3007881438739089e-16,0.0,2.253624959848821,0.011208001524209976,1.9892500131390989,7.102957984898239,0.19637501100078225,0.009540992323309183
8,random,1,255,1809.7129671140183,0.008214148755773712,ok,1.992091714733918e-16,0.0,0.008214148755773722,reference,8.96441271630263e-15,-1.0408340855860843e-17,0.008214148755773712,binding_ok,1.992091714733918e-16,0.008214147527652491,1.2281212210391024e-09,-3.469446951953614e-18,1.5936733717871343e-15,-3.469446951953614e-18,9.27904195850715,9.165333001874387,2.138374955393374,15.868958958890289,0.36691699642688036,0.3065419732593
8,random,2,255,901.2503931909527,0.0080941582420308,ok,9.152344855535002e-16,2.220446049250313e-16,0.008094158242030813,reference,8.4201572670922e-15,-1.214306433183765e-17,0.0080941582420308,binding_ok,9.152344855535002e-16,0.00809415510426549,3.137765309732532e-09,0.0,1.2813282797749003e-15,0.0,9.161166031844914,8.859666995704174,2.1457920083776116,20.345749973785132,0.3635840257629752,0.3064170014113188
8,random,3,255,617.228600524416,0.00922596797463209,ok,2.078330418513261e-16,2.220446049250313e-16,0.009225967974632111,reference,1.3093481636633544e-14,-2.0816681711721685e-17,0.00922596797463209,binding_ok,2.078330418513261e-16,0.009225964811457923,3.1631741670423708e-09,-8.673617379884035e-18,7.897655590350392e-15,-8.673617379884035e-18,9.161709051113576,10.80791698768735,2.241874986793846,28.66641600849107,0.3701670211739838,0.3067079815082252
8,random,4,255,3347.0729091648845,0.008098864020874985,ok,1.9819360895839776e-16,1.1102230246251565e-16,0.008098864020875179,reference,1.0960106575399396e-13,-1.942890293094024e-16,0.008098864020874985,binding_ok,0.0,0.008098862742646677,1.2782283079215695e-09,3.469446951953614e-18,2.1801296985423754e-15,3.469446951953614e-18,9.425833995919675,9.470790973864496,2.1688329870812595,17.030625022016466,0.3873750101774931,0.30700000934302807
8,random,5,255,4327.499434877798,0.008312487331606087,ok,3.23307057017434e-16,0.0,0.008312487331606087,reference,6.46614114034868e-16,0.0,0.008312487331606087,binding_ok,0.0,0.008312485030097343,2.301508744001479e-09,2.0816681711721685e-17,2.9679587834200445e-13,2.0816681711721685e-17,9.291209047660232,9.211833996232599,2.341667015571147,10.135042015463114,0.3549579996615648,0.2960829879157245
8,random,6,255,285.83482386482103,0.009361851084247978,ok,4.59740000828311e-16,0.0,0.009361851084247984,reference,2.6051933380270958e-15,-6.938893903907228e-18,0.009361851084247978,binding_ok,0.0,0.009361850836398754,2.478492237834029e-10,8.673617379884035e-18,4.29090667439757e-15,8.673617379884035e-18,9.03566600754857,8.88799998210743,2.127540996298194,10.608749988023192,0.3588750259950757,0.31120801577344537
8,random,7,255,7772.774133456521,0.008270987147252398,ok,2.371405366931999e-16,0.0,0.00827098714725241,reference,9.248480931034797e-15,-1.214306433183765e-17,0.008270987147252398,binding_ok,2.371405366931999e-16,0.008270984411476027,2.735776371068366e-09,-1.3877787807814457e-17,1.3398440323165795e-14,-1.3877787807814457e-17,8.947833033744246,9.07795800594613,2.2105000098235905,29.72325001610443,0.3575420123524964,0.299291976261884
8,random,8,255,881.5784838365686,0.0026065261628429887,ok,0.0,0.0,0.002606526162843002,reference,2.0082568153249515e-14,-1.3444106938820255e-17,0.0026065261628429887,binding_ok,0.0,0.0026065260691686266,9.367436210397373e-11,8.673617379884035e-19,1.2551605095780947e-15,8.673617379884035e-19,9.342917008325458,9.242166008334607,2.5726250023581088,17.506167001556605,0.35933300387114286,0.3141250344924629
8,random,9,255,13875.59992580165,0.010728516275428078,ok,7.199207489695035e-16,0.0,0.010728516275428104,reference,9.718930111088299e-15,-2.6020852139652106e-17,0.010728516275428078,binding_ok,0.0,0.010728512624698998,3.6507290801512937e-09,-1.734723475976807e-18,7.199207489695035e-16,-1.734723475976807e-18,11.443749943282455,15.416292008012533,6.0381669900380075,17.5631670281291,0.3759589744731784,0.30762498499825597
8,random,10,255,13057.634820621082,0.012663866193372422,ok,4.811433045776169e-16,0.0,0.012663866193372474,reference,2.165144870599276e-14,-5.204170427930421e-17,0.012663866193372422,binding_ok,4.811433045776169e-16,0.012663859965375526,6.22799689597997e-09,0.0,3.207622030517446e-16,0.0,22.292125038802624,24.610583030153066,7.653417007531971,75.98950003739446,1.2132080155424774,1.4574999804608524
8,random,11,255,2089.335940188498,0.008654513665199672,ok,4.539352126669582e-16,0.0,0.008654513665199698,reference,7.868210352893942e-15,-2.6020852139652106e-17,0.008654513665199672,binding_ok,4.539352126669582e-16,0.008654513483700672,1.814989998571992e-10,0.0,3.0262347511130545e-16,0.0,37.55941602867097,20.85516700753942,6.424791994504631,25.049125018995255,0.9374580113217235,0.5317920004017651
8,random,12,255,101.7850166332886,0.012144463667897175,ok,4.385886841061157e-16,0.0,0.012144463667897235,reference,9.232291800433736e-14,-6.071532165918825e-17,0.012144463667897175,binding_ok,0.0,0.012144463121697415,5.46199759032806e-10,1.0408340855860843e-17,1.5131309601660993e-14,1.0408340855860843e-17,25.23224998731166,23.2067090109922,4.188291961327195,51.8905830103904,0.5500830011442304,0.486500037368387
8,random,13,255,1834.576884303386,0.007004084410138346,ok,0.0,0.0,0.0070040844101384074,reference,7.70459238337018e-14,-6.158268339717665e-17,0.007004084410138346,binding_ok,0.0,0.007004082334108638,2.076029707517857e-09,-5.204170427930421e-18,7.791160837115912e-15,-5.204170427930421e-18,11.87429198762402,13.056249998044223,2.7394170174375176,23.95450003677979,0.7484169909730554,0.4005410009995103
8,random,14,255,578.6643973616495,0.008105940184540618,ok,1.4373044031009843e-16,0.0,0.008105940184540666,reference,8.925660343257112e-14,-4.85722573273506e-17,0.008105940184540618,binding_ok,1.4373044031009843e-16,0.008105938323353844,1.8611867741435972e-09,-3.469446951953614e-18,8.336365537985709e-15,-3.469446951953614e-18,10.2170419995673,10.384791996330023,2.609124989248812,23.096541000995785,0.45291701098904014,0.6659159553237259
8,random,15,255,2192.802596774304,0.0077323290754467856,ok,1.38215340571805e-15,0.0,0.007732329075446804,reference,8.907210836849656e-15,-1.8214596497756474e-17,0.0077323290754467856,binding_ok,0.0,0.0077323267524736505,2.3229731350299376e-09,1.734723475976807e-18,9.214356038120333e-16,1.734723475976807e-18,14.714999997522682,10.135000047739595,3.2941249664872885,29.662957997061312,0.39187498623505235,0.31345896422863007
8,random,16,255,655.1916275026236,0.010395040053123163,ok,3.3318543589267892e-16,0.0,0.010395040053123165,reference,3.3318543589267893e-15,-1.734723475976807e-18,0.010395040053123163,binding_ok,0.0,0.010395037629773805,2.4233493579883802e-09,2.2551405187698492e-17,3.853844875158653e-14,2.2551405187698492e-17,10.706542001571506,9.755624982062727,2.6771670090965927,9.67641599709168,0.39133301470428705,0.33662503119558096
8,random,17,255,23206.263970009706,0.008944171118887529,ok,2.1173548500571604e-15,0.0,0.008944171118887529,reference,5.537697300149496e-15,0.0,0.008944171118887529,binding_ok,2.1173548500571604e-15,0.008944171052156735,6.673079450125741e-11,-2.0816681711721685e-17,2.7851359950751875e-14,-2.0816681711721685e-17,9.438541950657964,9.708624973427504,2.3192089865915477,10.932125034742057,0.39033294888213277,0.3096669679507613
8,random,18,255,438728.18727942265,0.009421463925314212,ok,2.6832396960956445e-16,0.0,0.009421463925314219,reference,6.4397752706295465e-15,-6.938893903907228e-18,0.009421463925314212,binding_ok,2.6832396960956445e-16,0.009421463286991772,6.383224400441367e-10,-1.734723475976807e-17,1.2208740617235182e-14,-1.734723475976807e-17,9.356833004858345,9.285749983973801,2.367541950661689,29.213500034529716,0.3819169942289591,0.30383403645828366
8,random,19,255,1398.7887931171813,0.007503874433089147,ok,9.851222254491402e-16,2.220446049250313e-16,0.007503874433089159,reference,8.669075583952433e-15,-1.214306433183765e-17,0.007503874433089147,binding_ok,9.851222254491402e-16,0.00750387173149791,2.701591237178058e-09,0.0,9.851222254491402e-16,0.0,9.348792023956776,9.064208017662168,2.489082980901003,11.533208016771823,0.42229099199175835,0.3191250143572688
8,random,20,255,284.28139757010064,0.009295716215415771,ok,9.803565951572226e-16,2.220446049250313e-16,0.009295716215415795,reference,1.4285196100862385e-14,-2.42861286636753e-17,0.009295716215415771,binding_ok,9.803565951572226e-16,0.009295714705822024,1.5095937468817544e-09,-3.469446951953614e-18,2.80101884330635e-16,-3.469446951953614e-18,9.406167024280876,10.356166982091963,2.7213749708607793,18.064500007312745,0.3814170486293733,0.36450003972277045
8,near_singular,1,255,127363758.77454108,0.008450851465172715,ok,3.844465896543308e-16,0.0,0.008450851465172719,reference,1.2814886321811027e-16,-3.469446951953614e-18,0.008450851465172715,binding_ok,0.0,0.008450850351441413,1.1137313016273964e-09,0.0,3.844465896543308e-16,0.0,9.446291951462626,9.524208027869463,2.324916946236044,68.19420796819031,9.312041045632213,8.971999981440604
8,near_singular,2,255,139624418.64932352,0.006492229988072907,ok,2.709684601001381e-16,0.0,0.006492229988072909,reference,3.6580742113518646e-15,-1.734723475976807e-18,0.006492229988072907,binding_ok,0.0,0.00649222632227524,3.665797667154469e-09,0.0,2.709684601001381e-16,0.0,9.367667022161186,8.929625037126243,2.334207994863391,19.274209043942392,9.139166038949043,8.975791977718472
8,near_singular,3,255,137146499.03863466,0.008544106495649137,ok,1.357381469680114e-15,2.220446049250313e-16,0.008544106495649137,reference,1.357381469680114e-16,0.0,0.008544106495649137,binding_ok,1.357381469680114e-15,0.00854410314970346,3.3459456767748197e-09,0.0,1.357381469680114e-15,0.0,9.12037503439933,8.956583973485976,2.267915988340974,127.48704198747873,11.483874986879528,13.199749984778464
8,near_singular,4,255,96944626.29136927,0.005218533146799274,ok,3.6569804164538824e-16,0.0,0.005218533146799284,reference,8.593903978666623e-15,-9.540979117872439e-18,0.005218533146799274,binding_ok,3.6569804164538824e-16,0.005218532353133764,7.936655100487799e-10,-4.33155594725676e-12,4.68298887611187e-09,-4.33155594725676e-12,11.69091701740399,13.809541997034103,2.61929101543501,44.59154198411852,0.5435420316644013,0.8202079916372895
8,near_singular,5,255,168930162.77795684,0.007866788136366118,ok,4.70294316196043e-16,0.0,0.007866788136366144,reference,5.737590657591725e-14,-2.6020852139652106e-17,0.007866788136366118,binding_ok,4.70294316196043e-16,0.007866787408912803,7.274533146001128e-10,0.0,4.70294316196043e-16,0.0,14.297000016085804,18.13929103082046,5.553083028644323,26.101749972440302,10.986834007780999,10.307084012310952
8,near_singular,6,255,137385987.1941346,0.010137096684326878,ok,1.3158611958562977e-16,0.0,0.01013709668432689,reference,6.737209322784244e-14,-1.214306433183765e-17,0.010137096684326878,binding_ok,0.0,0.010137094206399182,2.477927696364901e-09,0.0,1.3158611958562977e-16,0.0,10.637582978233695,10.725000000093132,2.8786250040866435,21.20666700648144,10.836582980118692,12.793583970051259
8,near_singular,7,255,143958845.426518,0.010016715407761018,ok,5.334810910326607e-16,0.0,0.010016715407769019,reference,3.43945929010577e-11,-8.000544671205034e-15,0.010016715407761018,binding_ok,0.0,0.010016713092198008,2.315563010432675e-09,0.0,5.334810910326607e-16,0.0,13.622999947983772,12.636457977350801,3.1951250275596976,14.476917043793947,18.462833017110825,14.5699999993667
8,near_singular,8,255,153210434.7111579,0.01136302925178942,ok,2.260108296260553e-16,0.0,0.011363029252060935,reference,1.8639926758247432e-10,-2.715154490129379e-13,0.01136302925178942,binding_ok,0.0,0.011363028640809573,6.109798465769867e-10,0.0,2.260108296260553e-16,0.0,25.51570802461356,35.57166701648384,9.675083972979337,135.7397090177983,13.024999992921948,12.120749976020306
8,near_singular,9,255,223830110.8583452,0.006114764307411662,ok,0.0,0.0,0.006114764307411694,reference,9.489466981494363e-15,-3.209238430557093e-17,0.006114764307411662,binding_ok,0.0,0.006114759762612731,4.544798931291338e-09,0.0,0.0,0.0,19.236374995671213,17.930958012584597,2.6237910497002304,19.698375021107495,12.02883303631097,13.248541974462569
8,near_singular,10,255,224389431.1738445,0.009581074916301708,ok,4.90712771245016e-16,0.0,0.009581074916301719,reference,9.323542653655305e-15,-1.0408340855860843e-17,0.009581074916301708,binding_ok,4.90712771245016e-16,0.009581074690412045,2.258896628776208e-10,0.0,4.90712771245016e-16,0.0,14.809707994572818,13.368042011279613,2.8738749679178,27.459791977889836,18.306625017430633,21.610958967357874
8,near_singular,11,255,107452085.53299466,0.006397881967531731,ok,3.1874081546468915e-16,0.0,0.006397881967531733,reference,0.0,-1.734723475976807e-18,0.006397881967531731,binding_ok,3.1874081546468915e-16,0.006397880872712133,1.0948195978272013e-09,0.0,3.1874081546468915e-16,0.0,48.02899999776855,20.616291963960975,5.371249979361892,38.94220798974857,31.43479098798707,29.89954099757597
8,near_singular,12,255,99678020.36109395,0.007167490552892128,ok,1.389484436734642e-16,0.0,0.007167490552892133,reference,5.835834634285496e-15,-4.336808689942018e-18,0.007167490552892128,binding_ok,1.389484436734642e-16,0.0071674881112869585,2.4416051697812025e-09,-8.673617379884035e-19,1.1115875493877136e-15,-8.673617379884035e-19,18.379790999460965,20.610958978068084,4.572709032800049,33.682625042274594,1.6187919536605477,1.0148329893127084
8,near_singular,13,255,111614345.84962887,0.010506844822617262,ok,6.295314360683412e-16,0.0,0.010506844822617269,reference,6.9248457967517545e-15,-6.938893903907228e-18,0.010506844822617262,binding_ok,6.295314360683412e-16,0.010506839936215333,4.8864019289163174e-09,0.0,6.295314360683412e-16,0.0,18.968667020089924,18.902125011663884,5.083958036266267,52.07370803691447,18.525375053286552,15.992000000551343
8,near_singular,14,255,160518405.52527225,0.00778672993348455,ok,2.66703567217401e-15,0.0,0.007786729933484553,reference,9.77913079797137e-15,-2.6020852139652106e-18,0.00778672993348455,binding_ok,2.66703567217401e-15,0.0077867279615295385,1.9719550116079065e-09,0.0,2.66703567217401e-15,0.0,17.407250008545816,22.92070904513821,3.750625008251518,49.10683399066329,14.052000013180077,12.098957959096879
8,near_singular,15,255,150487014.35211474,0.00843984737594071,ok,1.0487641500249775e-15,0.0,0.008439847375940751,reference,1.2087006829037865e-13,-4.163336342344337e-17,0.00843984737594071,binding_ok,1.0487641500249775e-15,0.008439845257654692,2.1182860170804174e-09,0.0,1.0487641500249775e-15,0.0,12.034500017762184,11.461832968052477,2.9107500449754298,19.078665995039046,10.992791969329119,10.715999989770353
8,near_singular,16,255,125568850.25467816,0.008715997137955258,ok,2.4705242578768723e-16,0.0,0.008715997137955267,reference,9.387992179932115e-15,-8.673617379884035e-18,0.008715997137955258,binding_ok,0.0,0.008715995111230395,2.0267248625888135e-09,0.0,2.4705242578768723e-16,0.0,10.520667012315243,11.032458976842463,3.414749982766807,17.489374964497983,11.291292030364275,10.259166010655463
8,near_singular,17,255,171835280.8147697,0.00388338761872788,ok,1.675480374384291e-15,0.0,0.003883387618727881,reference,4.886817758620849e-15,-8.673617379884035e-19,0.00388338761872788,binding_ok,1.675480374384291e-15,0.0038833866041322624,1.0145956175905413e-09,0.0,1.675480374384291e-15,0.0,12.27208401542157,10.76695800293237,2.583040972240269,19.86020797630772,10.649083007592708,10.40858298074454
8,near_singular,18,255,130456463.00647523,0.00870943180845877,ok,3.714052871961889e-16,0.0,0.008709431808458772,reference,5.3853766643447396e-15,-1.734723475976807e-18,0.00870943180845877,binding_ok,3.714052871961889e-16,0.00870942940941928,2.3990394913686597e-09,0.0,3.714052871961889e-16,0.0,10.106250003445894,10.55570802418515,2.814166946336627,13.85975000448525,10.033792001195252,10.100916028022766
8,near_singular,19,255,199858350.59558213,0.009463742132604555,ok,7.710137992540702e-16,0.0,0.009463742132604562,reference,7.864340752391516e-15,-6.938893903907228e-18,0.009463742132604555,binding_ok,0.0,0.009463741554041491,5.785630637772377e-10,0.0,7.710137992540702e-16,0.0,9.937875031027943,10.054417012725025,2.701499965041876,22.128165990579873,10.247041995171458,10.130290989764035
8,near_singular,20,255,131390572.30197306,0.006096641253641259,ok,0.0,0.0,0.006096641253641261,reference,3.6127608801401096e-16,-1.734723475976807e-18,0.006096641253641259,binding_ok,0.0,0.006096640279846261,9.737949977633997e-10,0.0,0.0,0.0,9.436958003789186,9.928209008648992,2.664084022399038,23.925249988678843,9.701291972305626,9.96729196049273
8,duplicate,1,255,3.80170174391768e+17,0.013501278600244544,ok,4.7439219349641465e-16,0.0,0.013501278600244563,reference,8.697190214100936e-15,-1.9081958235744878e-17,0.013501278600244544,binding_ok,4.7439219349641465e-16,0.013501278347501566,2.527429775883716e-10,0.0,4.7439219349641465e-16,0.0,8.310166012961417,8.291167032439262,2.786958997603506,33.756582997739315,8.51362495450303,8.532167004887015
8,duplicate,2,255,9.756327498015683e+297,0.00937114225415909,ok,2.2055713170491575e-16,0.0,0.009371142254159982,reference,1.1292525143291687e-12,-8.916478666520788e-16,0.00937114225415909,binding_ok,2.2055713170491575e-16,0.009371141445631892,8.085271983176989e-10,0.0,2.2055713170491575e-16,0.0,7.986667042132467,7.99137499416247,2.4391249753534794,34.08770798705518,8.124874962959439,8.19512497400865
8,duplicate,3,255,2.1030553232594676e+16,0.00846047167075166,ok,0.0,1.1102230246251565e-16,0.00846047167075171,reference,9.338853796160241e-15,-5.0306980803327406e-17,0.00846047167075166,binding_ok,0.0,0.008460470776773941,8.939777182415121e-10,0.0,0.0,0.0,12.375375023111701,9.066041966434568,2.4543749750591815,15.868958027567714,8.636832993943244,8.898416999727488
8,duplicate,4,255,1.1527557892362021e+298,0.006767161404159254,ok,3.232912629927194e-16,0.0,0.006767161404159255,reference,5.495951470876231e-15,-1.734723475976807e-18,0.006767161404159254,binding_ok,3.232912629927194e-16,0.006767159712957566,1.691201687373245e-09,0.0,3.232912629927194e-16,0.0,8.768457977566868,8.497375005390495,2.6873329770751297,21.09483297681436,8.701249957084656,8.245791017543525
8,duplicate,5,255,1.071223274828327e+16,0.01300229488050545,ok,0.0,0.0,0.013002294880505449,reference,4.4355476703256935e-15,1.734723475976807e-18,0.01300229488050545,binding_ok,0.0,0.013002293555314282,1.3251911686051887e-09,0.0,0.0,0.0,8.506625017616898,8.391291019506752,2.4207920068874955,9.704167023301125,8.266083023045212,8.472416026052088
8,duplicate,6,255,9.595323746618686e+16,0.013013644697630172,ok,4.283000729559173e-16,0.0,0.0130136446976327,reference,1.0743907330099185e-12,-2.527492104498208e-15,0.013013644697630172,binding_ok,0.0,0.013013644447396755,2.5023341732044457e-10,0.0,4.283000729559173e-16,0.0,8.662667009048164,8.415583986788988,2.5035410071723163,23.579041997436434,8.284042007289827,8.672292053233832
8,duplicate,7,255,9.873219174308379e+297,0.00704804715540441,ok,4.4285821389002457e-16,0.0,0.007048047155404418,reference,7.75001874307543e-15,-7.806255641895632e-18,0.00704804715540441,binding_ok,0.0,0.0070480464927869056,6.626175042684368e-10,0.0,4.4285821389002457e-16,0.0,7.664915989153087,8.06675001513213,2.4458749685436487,21.34487498551607,8.372875046916306,8.036000013817102
8,duplicate,8,255,6.869303960859472e+297,0.009053951103323167,ok,1.6090787476856934e-16,0.0,0.009053951103323167,reference,1.6090787476856934e-16,0.0,0.009053951103323167,binding_ok,0.0,0.009053946989265498,4.114057669188376e-09,0.0,1.6090787476856934e-16,0.0,7.945166958961636,7.871042005717754,2.4150420213118196,10.399917024187744,8.387958980165422,7.92708300286904
8,duplicate,9,255,2.746821261225614e+16,0.006543028934901314,ok,1.501757168089398e-16,0.0,0.006543028934901324,reference,6.4575558227844115e-15,-1.0408340855860843e-17,0.006543028934901314,binding_ok,0.0,0.00654302836727904,5.676222738365544e-10,0.0,1.501757168089398e-16,0.0,8.026709023397416,8.008666045498103,2.605582994874567,19.171583000570536,8.29908304149285,7.9127500066533685
8,duplicate,10,255,1.3990675236799066e+298,0.023687353252818233,ok,8.060200159043031e-16,0.0,0.02368735325281916,reference,1.8518309865401364e-13,-9.26342336171615e-16,0.023687353252818233,binding_ok,8.060200159043031e-16,0.023687348379620388,4.873197845256527e-09,0.0,8.060200159043031e-16,0.0,8.851624967064708,8.105166023597121,2.512625011149794,22.033291985280812,8.643416047561914,8.227000012993813
8,duplicate,11,255,6.219324026848371e+297,0.007610542673873375,ok,4.518311675583711e-16,0.0,0.00761054267387338,reference,3.614649340466969e-15,-5.204170427930421e-18,0.007610542673873375,binding_ok,4.518311675583711e-16,0.0076105424522648814,2.2160849370844726e-10,0.0,4.518311675583711e-16,0.0,7.76499998755753,7.6920000137761235,2.3550830082967877,62.18679097946733,8.307999989483505,8.040499989874661
8,duplicate,12,255,7.159328817296314e+297,0.007786447539061722,ok,5.590634249592073e-16,0.0,0.007786447539061766,reference,3.396310306627185e-14,-4.423544863740858e-17,0.007786447539061722,binding_ok,5.590634249592073e-16,0.007786445002813949,2.536247772563782e-09,0.0,5.590634249592073e-16,0.0,8.499499992467463,8.058083010837436,3.0182499904185534,15.666458988562226,8.100292005110532,8.147082990035415
8,duplicate,13,255,9.020557139462882e+297,0.007004541392694907,ok,0.0,0.0,0.007004541392694946,reference,9.294213238367684e-15,-3.903127820947816e-17,0.007004541392694907,binding_ok,0.0,0.007004540117183414,1.2755114933010736e-09,0.0,0.0,0.0,8.253916981630027,9.419207985047251,2.6425000396557152,18.806250009220093,8.008665987290442,7.755458995234221
8,duplicate,14,255,2.5056995320331828e+16,0.010576377917201433,ok,1.4152398741933025e-15,0.0,0.010576377917201452,reference,7.0761993709665126e-15,-1.9081958235744878e-17,0.010576377917201433,binding_ok,0.0,0.010576377197869895,7.193315370440656e-10,0.0,1.4152398741933025e-15,0.0,7.854208000935614,7.898707990534604,2.321292005944997,12.512125016655773,7.9619999742135406,7.853125047404319
8,duplicate,15,255,7.175900574132826e+297,0.012515973119266213,ok,5.302796451136567e-16,0.0,0.012515973119266383,reference,1.817091583922797e-13,-1.700029006457271e-16,0.012515973119266213,binding_ok,0.0,0.012515971411867867,1.7073983459708897e-09,0.0,5.302796451136567e-16,0.0,8.338540967088193,7.990874990355223,2.425874990876764,12.736500008031726,8.18970799446106,8.29341699136421
8,duplicate,16,255,1.9276973000241116e+16,0.010926536061676512,ok,1.9564734075698577e-16,0.0,0.010926536061676536,reference,6.652009585737516e-15,-2.42861286636753e-17,0.010926536061676512,binding_ok,1.9564734075698577e-16,0.010926535529913456,5.317630554640962e-10,0.0,1.9564734075698577e-16,0.0,8.364000008441508,8.06208304129541,2.6666250196285546,15.177958004642278,8.024166978430003,8.145083033014089
8,duplicate,17,255,1.0984786797481569e+298,0.00830101194182717,ok,1.0444302762015738e-15,1.1102230246251565e-16,0.008301011941827223,reference,4.9685040282160587e-14,-5.204170427930421e-17,0.00830101194182717,binding_ok,0.0,0.008301009995529341,1.9462978294998434e-09,0.0,1.0444302762015738e-15,0.0,7.908458006568253,8.290499972645193,2.537707972805947,23.531166021712124,8.335584017913789,7.955042005050927
8,duplicate,18,255,2.5474263207178788e+16,0.009953079199687152,ok,0.0,0.0,0.009953079199687158,reference,6.3538416605599e-15,-5.204170427930421e-18,0.009953079199687152,binding_ok,0.0,0.009953074838925867,4.3607612850576905e-09,0.0,0.0,0.0,8.029583026655018,7.901041011791676,2.528749988414347,44.58929202519357,8.523833006620407,7.856749987695366
8,duplicate,19,255,6.486557466136476e+297,0.011953918558226386,ok,1.7184181564162775e-16,0.0,0.011953918558226386,reference,0.0,0.0,0.011953918558226386,binding_ok,1.7184181564162775e-16,0.011953917099564497,1.458661889192081e-09,0.0,1.7184181564162775e-16,0.0,8.313041995279491,8.045083028264344,2.2952910512685776,10.187582985963672,8.261792012490332,8.587958000134677
8,duplicate,20,255,1.0154350503544089e+298,0.011211810467361548,ok,0.0,0.0,0.011211810467361548,reference,2.8186956136890747e-15,0.0,0.011547588425414064,slack,0.0,0.011547588289714635,1.3569942912405875e-10,0.0,0.0,0.0,8.52804200258106,0.01575000351294875,2.63316702330485,7.995791966095567,8.920708030927926,0.012416974641382694
8,zero_variance,1,255,4.4613666083592294e+297,0.007039873858068843,ok,4.667789212136717e-16,1.1102230246251565e-16,0.007039873858068848,reference,3.889824343447264e-15,-5.204170427930421e-18,0.007039873858068843,binding_ok,0.0,0.007039872899694033,9.583748100672196e-10,0.0,4.667789212136717e-16,0.0,9.933791996445507,11.250749987084419,2.227958000730723,41.737624967936426,15.221792040392756,20.558084012009203
8,zero_variance,2,255,5.379671905564792e+297,0.008324495593317568,ok,1.587614023323161e-16,0.0,0.008324495593317572,reference,4.1277964606402186e-15,-3.469446951953614e-18,0.008324495593317568,binding_ok,1.587614023323161e-16,0.008324493220781933,2.372535634967421e-09,0.0,1.587614023323161e-16,0.0,12.690207979176193,13.109708961565048,2.1724579855799675,18.260541022755206,20.206458983011544,14.584833988919854
8,zero_variance,3,255,7.478539069784679e+297,0.01232409161320702,ok,0.0,0.0,0.012324091613207041,reference,8.783742920773787e-15,-2.0816681711721685e-17,0.01232409161320702,binding_ok,0.0,0.012324091258518317,3.546887037547686e-10,0.0,0.0,0.0,19.338666985277086,22.738249972462654,4.738291958346963,59.575083025265485,10.187833977397531,9.37383295968175
8,zero_variance,4,255,8.849548456029817e+297,0.008399157460629084,ok,5.050593522384802e-16,0.0,0.008399157460629096,reference,5.724005992036109e-15,-1.214306433183765e-17,0.008399157460629084,binding_ok,0.0,0.008399152920688931,4.539940152981092e-09,0.0,5.050593522384802e-16,0.0,9.326624975074083,9.227790986187756,2.3842499940656126,27.167375024873763,11.505124974064529,9.756333951372653
8,zero_variance,5,255,8.785168461934547e+297,0.008759642376358508,ok,0.0,0.0,0.00875964237635851,reference,2.388228569240007e-15,-1.734723475976807e-18,0.008759642376358508,binding_ok,0.0,0.008759640282307024,2.094051484297088e-09,0.0,0.0,0.0,10.59666695073247,11.26120804110542,2.3659159778617322,17.96004199422896,10.429250018205494,16.3476659799926
8,zero_variance,6,255,4.758678838327077e+297,0.008766811124060199,ok,1.4100367348511316e-15,2.220446049250313e-16,0.008766811124060206,reference,5.757650000642121e-15,-6.938893903907228e-18,0.008766811124060199,binding_ok,0.0,0.008766810884542162,2.3951803734822974e-10,0.0,1.4100367348511316e-15,0.0,13.41825001873076,11.232374992687255,3.3494579838588834,50.96679099369794,15.567291004117578,9.479583997745067
8,zero_variance,7,255,6.68653173123981e+297,0.007106730158123175,ok,0.0,0.0,0.007106730158123175,reference,3.093365927318545e-16,0.0,0.007106730158123175,binding_ok,0.0,0.007106722134892602,8.023230572973272e-09,0.0,0.0,0.0,11.273958021774888,11.541459010913968,2.4762499961070716,11.667040991596878,9.186249983031303,9.174208040349185
8,zero_variance,8,255,7.040403817935764e+297,0.011877580689681226,ok,3.538272667701279e-16,2.220446049250313e-16,0.011877580689681647,reference,3.5395110631349746e-12,-4.215378046623641e-16,0.011877580689681226,binding_ok,3.538272667701279e-16,0.011877575851433364,4.8382478613773205e-09,0.0,3.538272667701279e-16,0.0,9.980208007618785,9.883042017463595,2.260749984998256,31.194042006973177,10.724624968133867,11.060707969591022
8,zero_variance,9,255,7.875183330572372e+297,0.007840499684598587,ok,7.568826501385677e-16,0.0,0.00784049968459861,reference,8.956444693306384e-15,-2.2551405187698492e-17,0.007840499684598587,binding_ok,7.568826501385677e-16,0.007840496369533732,3.3150648545698935e-09,0.0,7.568826501385677e-16,0.0,9.707249992061406,9.925083024427295,2.336125005967915,17.60770904365927,11.848207970615476,10.749082954134792
8,zero_variance,10,255,4.3492183887307536e+297,0.011759336075237017,ok,4.349578785161897e-16,0.0,0.01175933607523705,reference,8.699157570323795e-15,-3.2959746043559335e-17,0.011759336075237017,binding_ok,4.349578785161897e-16,0.01175933515672407,9.185129462574437e-10,0.0,4.349578785161897e-16,0.0,9.613500034902245,10.654665995389223,3.639834001660347,45.79033300979063,9.872958005871624,9.884292026981711
8,zero_variance,11,255,8.608183455299032e+297,0.008474665728298417,ok,3.50830317766839e-16,0.0,0.008474665728298428,reference,7.484380112359232e-15,-1.0408340855860843e-17,0.008474665728298417,binding_ok,0.0,0.008474663247554927,2.4807434908374892e-09,0.0,3.50830317766839e-16,0.0,9.829708025790751,9.9514169851318,2.3295420105569065,18.441333959344774,9.79741697665304,23.38162501109764
8,zero_variance,12,255,6.651405971502772e+297,0.009812653918046421,ok,4.744590392205603e-16,0.0,0.009812653918046435,reference,9.370566024606065e-15,-1.3877787807814457e-17,0.009812653918046421,binding_ok,4.744590392205603e-16,0.009812653376370361,5.416760599091797e-10,0.0,4.744590392205603e-16,0.0,21.453082968946546,11.168875033035874,2.525124989915639,28.08712498517707,10.452000016812235,9.91929101292044
8,zero_variance,13,255,5.656296973442513e+297,0.008706791600830838,ok,2.3338724025034184e-16,0.0,0.008706791600830856,reference,9.568876850264015e-15,-1.734723475976807e-17,0.008706791600830838,binding_ok,0.0,0.008706790635234107,9.655967310451263e-10,0.0,2.3338724025034184e-16,0.0,10.124791006091982,9.350749955046922,2.3742920020595193,15.506958006881177,10.422916966490448,9.444291004911065
8,zero_variance,14,255,7.47574448618762e+297,0.010226715535009867,ok,1.5889131794238535e-16,0.0,0.010226715535009883,reference,8.580131168888809e-15,-1.5612511283791264e-17,0.010226715535009867,binding_ok,1.5889131794238535e-16,0.010226713779724205,1.7552856616115387e-09,0.0,1.5889131794238535e-16,0.0,9.698166977614164,9.302749997004867,4.300333966966718,23.830207996070385,12.72716699168086,11.901666992343962
8,zero_variance,15,255,6.699904593482911e+297,0.008087894625946446,ok,2.2959850642526063e-16,0.0,0.008087894625946467,reference,6.887955192757819e-15,-2.0816681711721685e-17,0.008087894625946446,binding_ok,2.2959850642526063e-16,0.008087889762772915,4.863173530544884e-09,0.0,2.2959850642526063e-16,0.0,10.311958962120116,10.184625047259033,2.7122080209665,14.182417013216764,9.71800001570955,8.960124978329986
8,zero_variance,16,255,7.741221609942874e+297,0.01098577590658081,ok,6.561370835694883e-16,0.0,0.010985775906580814,reference,6.780083196884712e-15,-3.469446951953614e-18,0.01098577590658081,binding_ok,0.0,0.010985775205340562,7.012402481604285e-10,0.0,6.561370835694883e-16,0.0,9.04879195149988,9.700916009023786,2.7574169798754156,55.65025005489588,10.28116699308157,10.562792012933642
8,zero_variance,17,255,8.100780656701065e+297,0.006422207264815222,ok,0.0,0.0,0.006422207264815224,reference,5.5992602123779425e-15,-1.734723475976807e-18,0.006422207264815222,binding_ok,0.0,0.0064222050488467125,2.215968509383659e-09,0.0,0.0,0.0,9.776499995496124,9.708083001896739,2.7476659743115306,31.85041598044336,9.82616696273908,10.004791954997927
8,zero_variance,18,255,8.134014477645528e+297,0.009171020120313502,ok,7.609609839283027e-16,0.0,0.009171020120313513,reference,8.941291561157557e-15,-1.0408340855860843e-17,0.009171020120313502,binding_ok,0.0,0.00917101983150043,2.888130724160165e-10,0.0,7.609609839283027e-16,0.0,9.41329199122265,10.663125023711473,2.422708028461784,33.64929201779887,10.079083032906055,9.337208000943065
8,zero_variance,19,255,1.079106973526137e+298,0.010645158277647181,ok,3.565083540594199e-16,0.0,0.010645158277647188,reference,8.556200497426077e-15,-6.938893903907228e-18,0.010645158277647181,binding_ok,3.565083540594199e-16,0.010645157761739316,5.159078650396332e-10,0.0,3.565083540594199e-16,0.0,9.000291000120342,9.524541033897549,2.358041994739324,13.227290997747332,9.838334051892161,9.594333998393267
8,zero_variance,20,255,4.8687365610072797e+297,0.006940828959971902,ok,6.539810952081238e-16,0.0,0.006940828959971909,reference,8.065766840900194e-15,-6.938893903907228e-18,0.006940828959971902,binding_ok,0.0,0.00694082652591508,2.4340568215500125e-09,0.0,6.539810952081238e-16,0.0,9.304165956564248,9.808207978494465,2.5456659495830536,21.456875023432076,9.254625008907169,10.122917010448873
8,tied_means,1,255,181.0108431586186,0.009812525016805343,degenerate_face,1.5518468681943753e-16,0.0,0.009812525016805344,reference,1.5518468681943753e-16,-1.734723475976807e-18,0.00981252501680534,slack,0.0,0.009812523795314006,1.2214913351626944e-09,0.0,1.5518468681943753e-16,0.0,9.490416035987437,0.08758396143093705,2.360584039706737,9.70004202099517,9.353125002235174,0.07845798972994089
8,tied_means,2,255,36815.40897519089,0.007948620322638116,ok,2.782175146503655e-16,0.0,0.00794862032263812,reference,8.624742954161331e-15,-3.469446951953614e-18,0.007948620322638116,binding_ok,0.0,0.007948619893948903,4.2868921260041937e-10,0.0,2.782175146503655e-16,0.0,9.895124996546656,9.268667025025934,2.3818330373615026,24.577957985457033,9.88262495957315,10.047750023659319
8,tied_means,3,255,13212.774851868568,0.010709598113198496,ok,1.4962401625372066e-16,0.0,0.010709598113198507,reference,7.780448845193474e-15,-1.0408340855860843e-17,0.010709598113198496,binding_ok,0.0,0.010709590818233083,7.294965412990573e-09,0.0,1.4962401625372066e-16,0.0,9.461583045776933,9.487000002991408,2.5944579974748194,14.764166029635817,9.255249984562397,9.566791006363928
8,tied_means,4,255,756.2532752717366,0.010813699617686938,ok,4.53487597065219e-16,2.220446049250313e-16,0.01081369961768695,reference,9.296495739836988e-15,-1.214306433183765e-17,0.010813699617686938,binding_ok,4.53487597065219e-16,0.010813696089566725,3.5281202126480338e-09,0.0,4.53487597065219e-16,0.0,9.310416993685067,8.781374956015497,2.385375031735748,16.307083948049694,9.631916997022927,9.676249988842756
8,tied_means,5,255,4570.019662129611,0.01024983074503269,ok,1.9630031079657182e-16,0.0,0.010249830745032731,reference,2.0415232322843468e-14,-4.163336342344337e-17,0.01024983074503269,binding_ok,0.0,0.01024983042242528,3.2260740953637956e-10,0.0,1.9630031079657182e-16,0.0,9.535500023048371,9.8394580418244,2.691208035685122,21.55387500533834,9.752625017426908,9.67050000326708
8,tied_means,6,255,313.1264540449321,0.011473876833418682,ok,1.8909832917248867e-16,0.0,0.011473876833418703,reference,1.9666226233938823e-14,-2.0816681711721685e-17,0.011473876833418682,binding_ok,1.8909832917248867e-16,0.011473875657237639,1.1761810431859532e-09,0.0,1.8909832917248867e-16,0.0,9.457207983359694,9.117708948906511,2.6196669787168503,24.639500014018267,9.251250012312084,9.315707953646779
8,tied_means,7,255,4021.970751685557,0.010900472032588242,ok,0.0,0.0,0.010900472032588267,reference,9.898349856101621e-15,-2.42861286636753e-17,0.010900472032588242,binding_ok,0.0,0.01090046650024681,5.532341432190613e-09,0.0,0.0,0.0,9.484332986176014,9.722542017698288,2.6067919679917395,31.367957999464124,9.758458007127047,9.26750001963228
8,tied_means,8,255,510.252146999585,0.008410661308317857,ok,1.5297556390789047e-16,0.0,0.008410661308317864,reference,9.178533834473429e-15,-6.938893903907228e-18,0.008410661308317857,binding_ok,1.5297556390789047e-16,0.008410660597583391,7.107344660722825e-10,0.0,1.5297556390789047e-16,0.0,9.94708394864574,10.18058299086988,2.4134169798344374,37.946750002447516,10.480707976967096,9.992375038564205
8,tied_means,9,255,2965.718856750925,0.009930880007729724,ok,1.7507657975139285e-16,0.0,0.009930880007729733,reference,9.804288466077999e-15,-8.673617379884035e-18,0.009930880007729724,binding_ok,1.7507657975139285e-16,0.009930879436347578,5.713821464581326e-10,0.0,1.7507657975139285e-16,0.0,9.859792015049607,10.130708978977054,2.3454580223187804,18.09133298229426,9.941333963070065,9.927582985255867
8,tied_means,10,255,1095.3084872110876,0.008526410423105547,ok,1.7817408928078097e-16,0.0,0.008526410423105557,reference,6.948789481950458e-15,-1.0408340855860843e-17,0.008526410423105547,binding_ok,0.0,0.008526409902818579,5.20286968022643e-10,0.0,1.7817408928078097e-16,0.0,9.397333022207022,9.545291017275304,2.454875037074089,11.996791989076883,9.639333002269268,9.542457992210984
8,tied_means,11,255,49122.52302443645,0.011425678201673123,ok,2.2078041048276474e-16,0.0,0.011425678201673136,reference,9.493557650758883e-15,-1.3877787807814457e-17,0.011425678201673123,binding_ok,0.0,0.011425675419176757,2.782496365261178e-09,0.0,2.2078041048276474e-16,0.0,9.199000021908432,9.00841603288427,2.4056669790297747,19.450791005510837,9.311125031672418,9.595417010132223
8,tied_means,12,255,139987.03915561453,0.007729218285195838,ok,0.0,0.0,0.007729218285195863,reference,9.576097994806115e-15,-2.5153490401663703e-17,0.007729218285195838,binding_ok,0.0,0.00772921814207653,1.431193080714266e-10,0.0,0.0,0.0,8.993791998364031,9.423832991160452,2.4516249541193247,14.80291597545147,9.46079200366512,9.209416981320828
8,tied_means,13,255,698.4809094010053,0.01156219815456884,ok,0.0,0.0,0.011562198154568857,reference,6.8647545395451224e-15,-1.734723475976807e-17,0.01156219815456884,binding_ok,0.0,0.011562191995213363,6.159355477042272e-09,0.0,0.0,0.0,9.718374989461154,9.169665980152786,2.5779170100577176,14.334083010908216,12.142791005317122,12.337957974523306
8,tied_means,14,255,250.71802452694456,0.008514727136319303,ok,3.539701729474549e-16,0.0,0.00851472713631932,reference,7.61035871837028e-15,-1.734723475976807e-17,0.008514727136319303,binding_ok,3.539701729474549e-16,0.008514725854119961,1.2821993414929844e-09,0.0,3.539701729474549e-16,0.0,16.617540968582034,22.706624993588775,2.096916956361383,21.84283302631229,13.100708019919693,16.68770902324468
8,tied_means,15,255,1187.2379233980134,0.010616541071138786,ok,4.137857790095382e-16,0.0,0.01061654107113881,reference,1.862036005542922e-14,-2.42861286636753e-17,0.010616541071138786,binding_ok,0.0,0.010616540546617165,5.245216205818082e-10,0.0,4.137857790095382e-16,0.0,8.715833013411611,15.959125012159348,1.9514999585226178,19.77345801424235,9.552583971526474,9.945708035957068
8,tied_means,16,255,2013.6031707152306,0.007362706453221721,ok,0.0,0.0,0.00736270645322173,reference,1.6991270606304974e-14,-9.540979117872439e-18,0.007362706453221721,binding_ok,0.0,0.007362705251334757,1.2018869640847973e-09,0.0,0.0,0.0,8.79641599021852,8.945208042860031,2.383875020314008,28.29066599952057,9.286541026085615,9.436167019885033
8,tied_means,17,255,3463.4714785697042,0.009202895294918963,ok,3.4753946487790565e-16,0.0,0.009202895294918979,reference,9.90487474902031e-15,-1.5612511283791264e-17,0.009202895294918963,binding_ok,3.4753946487790565e-16,0.009202892395418055,2.8995009084681334e-09,0.0,3.4753946487790565e-16,0.0,9.723499999381602,9.717875043861568,2.5578340282663703,14.644166978541762,10.744000028353184,9.262499981559813
8,tied_means,18,255,70.66568416713247,0.008420976887138325,ok,1.6163582061587758e-16,0.0,0.008420976887138339,reference,9.536513416336777e-15,-1.3877787807814457e-17,0.008420976887138325,binding_ok,0.0,0.008420974900092111,1.9870462133336764e-09,0.0,1.6163582061587758e-16,0.0,8.955708995927125,9.000999969430268,2.3545000003650784,20.901250012684613,10.16433403128758,9.23941598739475
8,tied_means,19,255,1812.9172733198,0.010516854925805032,ok,0.0,0.0,0.01051685492580505,reference,8.882752471712209e-15,-1.734723475976807e-17,0.010516854925805032,binding_ok,0.0,0.01051685455880841,3.6699662232797525e-10,0.0,0.0,0.0,9.055375005118549,9.435999963898212,2.6056659989990294,23.866000003181398,9.323125006631017,9.224041015841067
8,tied_means,20,255,599.6640222805971,0.006743554134291143,ok,5.4705416642327135e-16,0.0,0.00674355413429116,reference,7.521994788319982e-15,-1.734723475976807e-17,0.006743554134291143,binding_ok,5.4705416642327135e-16,0.0067435532158552905,9.184358525440861e-10,0.0,5.4705416642327135e-16,0.0,8.655874989926815,8.673542004544288,2.189791004639119,44.2365410272032,8.827790967188776,8.591708960011601
8,boundary,1,255,411.7005373261312,0.01211440613216785,ok,1.171779965985049e-16,0.0,0.010552886792351083,reference,6.913501799311789e-15,0.0015615193398167675,0.01211440613216785,slack,1.171779965985049e-16,0.012114405895530355,2.366374960566242e-10,0.0,1.171779965985049e-16,0.0,14.411249954719096,0.014833989553153515,2.152749977540225,8.560667047277093,0.38587499875575304,0.011750031262636185
8,boundary,2,255,498.63299402725966,0.011228995688949838,ok,0.0,0.0,0.010848982899636218,reference,5.995351046044997e-15,0.0003800127893136204,0.011228995688949838,slack,0.0,0.011228992074085255,3.614864583015298e-09,0.0,0.0,0.0,9.217166982125491,0.012833974324166775,2.1305829868651927,10.348625015467405,0.704374979250133,0.012874952517449856
8,boundary,3,255,505.58777674088975,0.010821455365865052,ok,0.0,0.0,0.010821455365865052,reference,4.618803318459094e-16,0.0,0.010821455365865052,slack,0.0,0.010821447488895332,7.876969720585492e-09,0.0,0.0,0.0,20.779208978638053,0.016625039279460907,7.036916969809681,28.656083974055946,3.8328340160660446,0.25874999118968844
8,boundary,4,255,1423.9043353789552,0.011077438686498332,ok,0.0,0.0,0.01090324163602768,reference,9.922924731914584e-12,0.0001741970504706529,0.011077438686498332,slack,0.0,0.011077436519466178,2.1670321544153825e-09,0.0,0.0,0.0,26.885583996772766,0.0729589955881238,3.9721669745631516,21.58454095479101,0.4649159964174032,0.014375022146850824
8,boundary,5,255,131.26779816898195,0.010296891090897592,ok,0.0,0.0,0.009671400385793392,reference,5.5194384168725585e-15,0.0006254907051042001,0.010296891090897592,slack,0.0,0.01029688792929413,3.1616034616710476e-09,0.0,0.0,0.0,11.330333014484495,0.01654098741710186,2.7796250069513917,31.153082964010537,1.208542031235993,0.043042004108428955
8,boundary,6,255,399.98797769333294,0.009378341261747407,ok,1.9513344768167038e-16,0.0,0.00919492513299219,reference,3.2899499279129626e-13,0.00018341612875521704,0.009378341261747407,slack,1.9513344768167038e-16,0.009378338964138394,2.2976090127690973e-09,0.0,1.9513344768167038e-16,0.0,17.554500023834407,0.21033297525718808,21.467499958816916,24.773166980594397,0.9070829837583005,0.018708000425249338
8,boundary,7,255,20157.780439388123,0.010936672665674628,ok,0.0,0.0,0.010936672665674628,reference,0.0,0.0,0.010936672665674628,slack,0.0,0.010936663405823015,9.259851612916647e-09,0.0,0.0,0.0,12.986957968678325,0.01675001112744212,2.9424999956972897,13.218750013038516,0.3856659750454128,0.012500036973506212
8,boundary,8,255,472.23201118660853,0.009949829106945793,ok,2.199125810587313e-16,0.0,0.009555446875359,reference,5.277901945409551e-15,0.00039438223158679356,0.009949829106945793,slack,0.0,0.009949826426816905,2.680128887919131e-09,0.0,2.199125810587313e-16,0.0,12.521541968453676,0.01708301715552807,2.461249998304993,16.39333402272314,0.3856669645756483,0.013458018656820059
8,boundary,9,255,372.83309754857225,0.013353403013401882,ok,1.7389877667212632e-16,0.0,0.013353403013401882,reference,1.7389877667212632e-16,0.0,0.013353403013401882,slack,0.0,0.013353401342054576,1.671347305345905e-09,0.0,1.7389877667212632e-16,0.0,9.72954195458442,0.020209001377224922,2.5435000425204635,10.690041992347687,0.3779159742407501,0.01333298860117793
8,boundary,10,255,562.3890803552108,0.013278252182677109,ok,0.0,0.0,0.013278252182677107,reference,1.0893064709714684e-15,1.734723475976807e-18,0.013278252182677109,slack,0.0,0.013278251150995509,1.0316815995253803e-09,0.0,0.0,0.0,23.56741699622944,0.019625003915280104,3.208041947800666,13.07916600489989,0.8062910055741668,0.022499996703118086
8,boundary,11,255,3114.52418682361,0.009760311631050312,ok,1.4043907551882335e-16,0.0,0.009529275094479052,reference,2.808781510376467e-16,0.00023103653657126008,0.009760311631050312,slack,0.0,0.009760308407502097,3.2235482148174066e-09,0.0,1.4043907551882335e-16,0.0,13.21374997496605,0.01699995482340455,3.926333039999008,14.48458299273625,0.5150000215508044,0.01612497726455331
8,boundary,12,255,333.0664350456638,0.006613112203885378,ok,1.2357299846041304e-16,0.0,0.006613112203885378,reference,1.2357299846041304e-16,0.0,0.006613112203885378,slack,0.0,0.006613111812328942,3.9155643657973194e-10,0.0,1.2357299846041304e-16,0.0,26.394000044092536,0.0195419997908175,6.517625006381422,26.06883301632479,1.389249984640628,0.016000005416572094
8,boundary,13,255,165.14132433141384,0.011067471908376163,ok,2.2181258661525853e-16,0.0,0.008682186043786351,reference,9.316128637840859e-15,0.002385285864589812,0.011067471908376163,slack,0.0,0.01106747146890826,4.3946790304061345e-10,0.0,2.2181258661525853e-16,0.0,26.02591598406434,0.1341670285910368,9.137250017374754,21.172958018723875,0.394917035009712,0.041499966755509377
8,boundary,14,255,4980.017819216816,0.011128672362459046,ok,1.277934946809274e-16,0.0,0.010874016700791318,reference,2.555869893618548e-16,0.00025465566166772875,0.011128672362459046,slack,1.277934946809274e-16,0.01112867181257324,5.498858070274171e-10,0.0,1.277934946809274e-16,0.0,16.30495802965015,0.016417005099356174,4.558458982501179,16.053250001277775,0.5333329900167882,0.015249999705702066
8,boundary,15,255,475.9033868922445,0.008934103054986837,ok,0.0,0.0,0.008934103054986837,reference,3.528697550707615e-16,0.0,0.008934103054986837,slack,0.0,0.008934101413116414,1.6418704226056624e-09,0.0,0.0,0.0,13.962458004243672,0.031374976970255375,2.7687500114552677,17.356750031467527,0.4867499810643494,0.015583005733788013
8,boundary,16,255,1934.653835356832,0.009056236295488223,ok,1.3454222566386861e-16,0.0,0.00893347049975536,reference,2.6908445132773723e-16,0.00012276579573286366,0.009056236295488223,slack,0.0,0.009056236037960123,2.575280995398277e-10,0.0,1.3454222566386861e-16,0.0,13.869083020836115,0.016459031030535698,2.6807920075953007,14.356125029735267,0.5684159696102142,0.014999997802078724
8,boundary,17,255,1387.443815429073,0.013273573571010007,ok,1.4146092748312926e-16,0.0,0.012933266568893612,reference,4.385288751977007e-15,0.00034030700211639536,0.013273573571010007,slack,1.4146092748312926e-16,0.01327356652236938,7.048640627768665e-09,0.0,1.4146092748312926e-16,0.0,13.768124976195395,0.11233397526666522,3.3283749944530427,13.33466701908037,0.5624170298688114,0.01787504879757762
8,boundary,18,255,177.53644190105538,0.009692347419643007,ok,2.1961891473178525e-16,0.0,0.009189169099291537,reference,3.953140465172134e-15,0.0005031783203514693,0.009692347419643007,slack,0.0,0.009692347243693599,1.7594940782128532e-10,0.0,2.1961891473178525e-16,0.0,12.237291957717389,0.017042038962244987,2.404875005595386,13.99708300596103,0.48587500350549817,0.016792037058621645
8,boundary,19,255,131.84980365344074,0.009925943368850412,ok,1.3375365422547079e-16,0.0,0.009925943368850412,reference,1.3375365422547079e-16,0.0,0.009925943368850412,slack,1.3375365422547079e-16,0.009925939694100383,3.6747500285760903e-09,0.0,1.3375365422547079e-16,0.0,11.870292015373707,0.0155829475261271,2.847582974936813,12.376583006698638,0.4182499833405018,0.01333397813141346
8,boundary,20,255,347.9027041221522,0.009645660913690677,ok,0.0,0.0,0.008993922022748473,reference,0.0,0.0006517388909422044,0.009645660913690677,slack,0.0,0.00964565970035564,1.2133350366094753e-09,0.0,0.0,0.0,10.372209013439715,0.0189170241355896,2.885833033360541,11.861125007271767,0.40408404311165214,0.01654098741710186
10,random,1,1023,102390.0919746924,0.007014800551681875,ok,1.1577524800619454e-16,0.0,0.007014800551681877,reference,0.0,-1.734723475976807e-18,0.007014800551681875,binding_ok,0.0,0.007014795903558908,4.648122967250423e-09,1.6132928326584306e-16,7.622642328727848e-13,1.6132928326584306e-16,41.76991700660437,41.769874980673194,2.54641700303182,23.688499990385026,1.0628330055624247,0.9836670360527933
10,random,2,1023,2212.6389211429328,0.006161526255119683,ok,1.2564232488595594e-16,0.0,0.00616152625511969,reference,7.789824142929269e-15,-6.938893903907228e-18,0.006161526255119683,binding_ok,0.0,0.006161523904560758,2.3505589245853553e-09,4.9439619065339e-17,7.048534426102129e-14,4.9439619065339e-17,40.11791700031608,39.51058303937316,2.480875002220273,31.997416983358562,0.8873339975252748,0.8252090192399919
10,random,3,1023,40891.71888260107,0.010710738229044952,ok,1.0641179691035487e-15,1.1102230246251565e-16,0.010710738229045336,reference,1.815081221585196e-13,-3.8337388819087437e-16,0.010710738229044952,binding_ok,0.0,0.010710734477356865,3.751688086930938e-09,-5.204170427930421e-18,3.6484044654978815e-15,-5.204170427930421e-18,40.375417040195316,41.610791988205165,2.9104999848641455,24.121167021803558,1.182125008199364,0.8463750127702951
10,random,4,1023,19907.6168731466,0.006227124721956859,ok,1.8307040504370202e-16,0.0,0.006227124721956871,reference,1.537791402367097e-14,-1.1275702593849246e-17,0.006227124721956859,binding_ok,1.8307040504370202e-16,0.006227121533133628,3.188823231511928e-09,8.673617379884035e-18,1.1716505922796929e-14,8.673617379884035e-18,43.12824999215081,44.308000011369586,2.6355000445619226,23.48633302608505,1.1609159992076457,1.5477080014534295
10,random,5,1023,4296.95073536412,0.0081363647831379,ok,0.0,0.0,0.008136364783137916,reference,6.303233847686586e-15,-1.5612511283791264e-17,0.0081363647831379,binding_ok,0.0,0.008136360147686286,4.63545161456802e-09,0.0,3.9395211548041164e-16,0.0,44.72291702404618,44.13283301983029,3.8226250326260924,28.380833042319864,0.995707989204675,0.9087499929592013
10,near_singular,1,1023,151821762.8360883,0.007215194126932394,ok,4.15515533912357e-16,0.0,0.007215194126932397,reference,8.864331390130283e-15,-3.469446951953614e-18,0.007215194126932394,binding_ok,0.0,0.0072151912426845904,2.884247803265627e-09,0.0,4.15515533912357e-16,0.0,43.15275000408292,54.920250026043504,3.3636660082265735,26.966749981511384,44.08708302071318,42.64512500958517
10,near_singular,2,1023,178032868.80558395,0.008080730245528215,ok,1.9864695046499615e-16,0.0,0.00808073024552822,reference,6.952643266274865e-15,-5.204170427930421e-18,0.008080730245528215,binding_ok,1.9864695046499615e-16,0.008080727290566511,2.9549617041463305e-09,0.0,1.9864695046499615e-16,0.0,41.76291701151058,42.194916983135045,2.8295829542912543,19.396499963477254,41.85474995756522,42.25087497616187
10,near_singular,3,1023,164174543.1792792,0.006277217302485096,ok,1.0560546552548899e-15,0.0,0.0062772173024850985,reference,5.913906069427383e-15,-2.6020852139652106e-18,0.006277217302485096,binding_ok,1.0560546552548899e-15,0.00627721658820992,7.142751754646293e-10,0.0,1.0560546552548899e-15,0.0,40.372125047724694,41.523000050801784,2.8340420103631914,44.18270802125335,41.47279099561274,43.386624951381236
10,near_singular,4,1023,151798929.59295875,0.01008820146499227,ok,3.9911469356470356e-16,0.0,0.01008820146499228,reference,8.24837033367054e-15,-1.0408340855860843e-17,0.01008820146499227,binding_ok,3.9911469356470356e-16,0.010088199628077506,1.836914764394293e-09,0.0,3.9911469356470356e-16,0.0,43.02179196383804,41.74629203043878,2.831084013450891,28.059583972208202,42.102124949451536,42.05383302178234
10,near_singular,5,1023,148334007.2726368,0.010086352323619804,ok,1.6497193039970815e-16,0.0,0.010086352323619813,reference,7.0937930071874504e-15,-8.673617379884035e-18,0.010086352323619804,binding_ok,1.6497193039970815e-16,0.010086351622980907,7.006388975938638e-10,0.0,1.6497193039970815e-16,0.0,41.48808302124962,41.53849999420345,2.635750046465546,24.018166994210333,40.175249974709004,39.49175000889227
10,duplicate,1,1023,4.383580417519354e+16,0.005123996981165105,ok,1.8920546320777547e-16,0.0,0.005123996981165117,reference,9.649478623596549e-15,-1.1275702593849246e-17,0.005123996981165105,binding_ok,1.8920546320777547e-16,0.00512399220872856,4.772436545778802e-09,0.0,1.8920546320777547e-16,0.0,34.56087497761473,34.30037497309968,2.438790979795158,20.990499993786216,34.96762498980388,56.26104195835069
10,duplicate,2,1023,8.869980123644658e+297,0.008899195950028792,ok,4.493294408151897e-16,0.0,0.008899195950029075,reference,1.0986104827931387e-13,-2.8275992658421956e-16,0.008899195950028792,binding_ok,4.493294408151897e-16,0.008899195451447564,4.985812283864188e-10,0.0,4.493294408151897e-16,0.0,49.90370897576213,54.003625002224,2.7877080137841403,22.66254200367257,44.742583006154746,37.490000016987324
10,duplicate,3,1023,1.0860505190350238e+17,0.00680639652158702,ok,0.0,0.0,0.00680639652158703,reference,8.570991940482232e-15,-9.540979117872439e-18,0.00680639652158702,binding_ok,0.0,0.006806396097457956,4.241290643344775e-10,0.0,0.0,0.0,32.880166021641344,34.51237501576543,2.3587500327266753,24.283249978907406,35.78154096612707,34.76120799314231
10,duplicate,4,1023,1.1613528048845109e+298,0.009794736112436073,ok,0.0,0.0,0.009794736112436083,reference,8.401401104342229e-15,-1.0408340855860843e-17,0.009794736112436073,binding_ok,0.0,0.009794734111415331,2.0010207414655756e-09,0.0,0.0,0.0,57.754249952267855,62.05725000472739,3.2926250132732093,33.30795903457329,36.33108298527077,36.07224998995662
10,duplicate,5,1023,1.5827259481550038e+16,0.006280446701202498,ok,1.502579806198606e-16,0.0,0.006280446701202589,reference,3.5160367465047383e-14,-9.107298248878237e-17,0.006280446701202498,binding_ok,0.0,0.006280445114279951,1.5869225473627568e-09,0.0,1.502579806198606e-16,0.0,34.294749959371984,39.06166699016467,2.3672920069657266,26.637292001396418,36.78383299848065,34.72695802338421
10,zero_variance,1,1023,9.46628582818197e+297,0.009697413132811986,ok,1.180066063475226e-16,0.0,0.009697413132811994,reference,6.9623897745038325e-15,-8.673617379884035e-18,0.009697413132811986,binding_ok,1.180066063475226e-16,0.009697412737160065,3.956519209480369e-10,0.0,1.180066063475226e-16,0.0,41.52341699227691,41.70891596004367,2.3807499674148858,18.752832955215126,42.61845798464492,43.30416599987075
10,zero_variance,2,1023,1.25894699218131e+298,0.008438660295594721,ok,0.0,0.0,0.00843866029559473,reference,9.127810073770846e-15,-8.673617379884035e-18,0.008438660295594721,binding_ok,0.0,0.008438654368918426,5.926676295564537e-09,0.0,0.0,0.0,42.355791956651956,44.22087501734495,2.916499972343445,30.432790983468294,43.136583000887185,41.24320897972211
10,zero_variance,3,1023,8.226755609048118e+297,0.007091577534526151,ok,0.0,0.0,0.007091577534526152,reference,2.6568392247167356e-15,-8.673617379884035e-19,0.007261681316172772,slack,0.0,0.007261681081436071,2.3473670056339824e-10,0.0,0.0,0.0,41.366124991327524,0.017584010493010283,2.56995897507295,12.381459004245698,40.72220798116177,0.013750046491622925
10,zero_variance,4,1023,8.344477945609881e+297,0.010081691732730649,ok,3.517304778698758e-16,0.0,0.010081691732730652,reference,4.2207657344385094e-15,-3.469446951953614e-18,0.010081691732730649,binding_ok,3.517304778698758e-16,0.010081687532339659,4.200390989889113e-09,0.0,3.517304778698758e-16,0.0,40.93129199463874,41.11066699260846,2.6669169892556965,12.173084018286318,42.72979201050475,42.66004200326279
10,zero_variance,5,1023,6.524691579110059e+297,0.007716751376937026,ok,2.2503989531815813e-16,2.220446049250313e-16,0.00771675137693704,reference,9.339155655703562e-15,-1.3877787807814457e-17,0.007716751376937026,binding_ok,2.2503989531815813e-16,0.007716746528967193,4.847969832869059e-09,0.0,2.2503989531815813e-16,0.0,44.89945899695158,44.00774999521673,2.723082958254963,23.58908299356699,43.00895897904411,42.16283303685486
10,tied_means,1,1023,1090.1080290720047,0.010943103845812279,ok,1.9585750354605416e-16,0.0,0.010943103845812287,reference,5.484010099289516e-15,-8.673617379884035e-18,0.010943103845812279,binding_ok,0.0,0.010943094865276165,8.980536113367688e-09,0.0,1.9585750354605416e-16,0.0,42.009875003714114,45.34479195717722,2.5734170340001583,22.02079101698473,53.4666670137085,54.47849998017773
10,tied_means,2,1023,220.7220940189581,0.012650876825222972,ok,2.0524746047192706e-16,2.220446049250313e-16,0.012650876825222996,reference,7.388908576989374e-15,-2.42861286636753e-17,0.012650876825222972,binding_ok,2.0524746047192706e-16,0.01265087593068432,8.9453865148581e-10,0.0,2.0524746047192706e-16,0.0,48.540291958488524,38.3909170050174,2.432083012536168,15.75787499314174,38.04524999577552,38.79462502663955
10,tied_means,3,1023,4541.323515511915,0.009789191829426318,degenerate_face,2.8909938767751586e-16,0.0,0.00978919182942632,reference,1.4454969383875793e-16,-1.734723475976807e-18,0.009789191829426318,slack,0.0,0.009789190754064358,1.075361960936605e-09,0.0,2.8909938767751586e-16,0.0,38.6944169877097,0.08608301868662238,2.2502500214613974,13.852542033419013,39.505875029135495,0.08408294524997473
10,tied_means,4,1023,8865899.2194402,0.007828450501640497,ok,2.955830948200392e-16,0.0,0.007828450501640528,reference,3.4878805188764626e-14,-3.122502256758253e-17,0.007828450501640497,binding_ok,2.955830948200392e-16,0.00782844959679373,9.048467669581228e-10,0.0,2.955830948200392e-16,0.0,42.70037496462464,44.206749997101724,2.445249992888421,44.97704200912267,43.175833008717746,41.92808398511261
10,tied_means,5,1023,1784.712135171055,0.0108363711646049,ok,4.475545974111669e-16,2.220446049250313e-16,0.010836371164604914,reference,1.551522604358712e-14,-1.3877787807814457e-17,0.0108363711646049,binding_ok,4.475545974111669e-16,0.010836370196700959,9.67903941023751e-10,0.0,4.475545974111669e-16,0.0,41.86337499413639,44.241625000722706,3.898209019098431,27.606874995399266,43.34924998693168,42.552667029667646
10,boundary,1,1023,207271.22297050172,0.013658586145218433,ok,1.4035278245709634e-16,0.0,0.013235996346070185,reference,4.687782934067017e-14,0.00042258979914824857,0.013658586145218433,slack,0.0,0.013658583139659241,3.005559192151286e-09,0.0,1.4035278245709634e-16,0.0,45.439832960255444,0.02079200930893421,2.8345840401016176,20.370917045511305,1.0564170079305768,0.03691698657348752
10,boundary,2,1023,2293.261865388893,0.01127892573091085,ok,0.0,0.0,0.011278925730910848,reference,1.81431507796283e-16,1.734723475976807e-18,0.01127892573091085,slack,0.0,0.011278925483579522,2.4733132729382046e-10,0.0,0.0,0.0,44.35587499756366,0.019291997887194157,2.7277919580228627,15.68312500603497,0.9661670192144811,0.014792021829634905
10,boundary,3,1023,2447.1336866860884,0.011062339300021195,ok,0.0,0.0,0.009896010427559972,reference,3.742528028075066e-15,0.0011663288724612225,0.011062339300021195,slack,0.0,0.011062337915578226,1.384442968252464e-09,0.0,0.0,0.0,47.04833397408947,0.018624996300786734,3.1503330101259053,12.702791020274162,1.0231670457869768,0.014499993994832039
10,boundary,4,1023,1633.9185923967373,0.012321832295593976,ok,0.0,0.0,0.012321832295593976,reference,0.0,0.0,0.012321832295593976,slack,0.0,0.012321828351139142,3.944454833940125e-09,0.0,0.0,0.0,46.64050001883879,0.01937500201165676,2.71333398995921,13.431541039608419,1.0531670413911343,0.017084006685763597
10,boundary,5,1023,14231.673036817621,0.009517140594218583,ok,2.7038882888053657e-16,0.0,0.009349149922942654,reference,1.0815553155221463e-15,0.00016799067127592875,0.009517140594218583,slack,0.0,0.009517140432132226,1.6208635648939929e-10,0.0,2.7038882888053657e-16,0.0,43.32741699181497,0.016624981071799994,2.7314579929225147,16.258542018476874,0.9306669817306101,0.015833007637411356
